seg_name,seg.outcome,s_num,ep_num,tag,master.outcome,uid_ep,uid_seg
Gulf Breeze UFO,unresolved,1,1,Florida,UNSOLVED,S01E001,8f5a350108af
Gulf Breeze UFO,unresolved,1,1,1987,UNSOLVED,S01E001,8f5a350108af
Gulf Breeze UFO,unresolved,1,1,1988,UNSOLVED,S01E001,8f5a350108af
Gulf Breeze UFO,unresolved,1,1,Unusual Phenomenon Cases,UNSOLVED,S01E001,8f5a350108af
Gulf Breeze UFO,unresolved,1,1,UFOs,UNSOLVED,S01E001,8f5a350108af
Gulf Breeze UFO,unresolved,1,1,Legends,UNSOLVED,S01E001,8f5a350108af
Gulf Breeze UFO,unresolved,1,1,Unresolved,UNSOLVED,S01E001,8f5a350108af
Louis Carlucci,captured,1,1,New York,SOLVED,S01E001,16dd8e108abf
Louis Carlucci,captured,1,1,California,SOLVED,S01E001,16dd8e108abf
Louis Carlucci,captured,1,1,Nevada,SOLVED,S01E001,16dd8e108abf
Louis Carlucci,captured,1,1,Louisiana,SOLVED,S01E001,16dd8e108abf
Louis Carlucci,captured,1,1,Florida,SOLVED,S01E001,16dd8e108abf
Louis Carlucci,captured,1,1,New Jersey,SOLVED,S01E001,16dd8e108abf
Louis Carlucci,captured,1,1,1981,SOLVED,S01E001,16dd8e108abf
Louis Carlucci,captured,1,1,1982,SOLVED,S01E001,16dd8e108abf
Louis Carlucci,captured,1,1,Fraud,SOLVED,S01E001,16dd8e108abf
Louis Carlucci,captured,1,1,Theft,SOLVED,S01E001,16dd8e108abf
Louis Carlucci,captured,1,1,Bigamy,SOLVED,S01E001,16dd8e108abf
Louis Carlucci,captured,1,1,Viewer Solves,SOLVED,S01E001,16dd8e108abf
Louis Carlucci,captured,1,1,Captured,SOLVED,S01E001,16dd8e108abf
Joe Shepherd,captured,1,1,Tennessee,SOLVED,S01E001,47ad9cd07b2c
Joe Shepherd,captured,1,1,1976,SOLVED,S01E001,47ad9cd07b2c
Joe Shepherd,captured,1,1,1978,SOLVED,S01E001,47ad9cd07b2c
Joe Shepherd,captured,1,1,Murder,SOLVED,S01E001,47ad9cd07b2c
Joe Shepherd,captured,1,1,Escape,SOLVED,S01E001,47ad9cd07b2c
Joe Shepherd,captured,1,1,Disappearances,SOLVED,S01E001,47ad9cd07b2c
Joe Shepherd,captured,1,1,Captured,SOLVED,S01E001,47ad9cd07b2c
Gail DeLano,solved,1,1,Maine,SOLVED,S01E001,27d4a82e1152
Gail DeLano,solved,1,1,1986,SOLVED,S01E001,27d4a82e1152
Gail DeLano,solved,1,1,Disappearances,SOLVED,S01E001,27d4a82e1152
Gail DeLano,solved,1,1,Restaurant-Related Cases,SOLVED,S01E001,27d4a82e1152
Gail DeLano,solved,1,1,Radio-Related Cases,SOLVED,S01E001,27d4a82e1152
Gail DeLano,solved,1,1,Toyota-Related Cases,SOLVED,S01E001,27d4a82e1152
Gail DeLano,solved,1,1,Solved,SOLVED,S01E001,27d4a82e1152
Philip Pelletier,solved,1,10,Germany,SOLVED,S01E010,7ed7cc237216
Philip Pelletier,solved,1,10,Hungary,SOLVED,S01E010,7ed7cc237216
Philip Pelletier,solved,1,10,Austria,SOLVED,S01E010,7ed7cc237216
Philip Pelletier,solved,1,10,1945,SOLVED,S01E010,7ed7cc237216
Philip Pelletier,solved,1,10,1946,SOLVED,S01E010,7ed7cc237216
Philip Pelletier,solved,1,10,Lost Loves,SOLVED,S01E010,7ed7cc237216
Philip Pelletier,solved,1,10,Military-Related Cases,SOLVED,S01E010,7ed7cc237216
Philip Pelletier,solved,1,10,Solved,SOLVED,S01E010,7ed7cc237216
Philip Pelletier,solved,1,10,Viewer Solves,SOLVED,S01E010,7ed7cc237216
Lancaster Extortion Writer,unresolved,1,10,California,UNSOLVED,S01E010,1827ef3eb3db
Lancaster Extortion Writer,unresolved,1,10,1988,UNSOLVED,S01E010,1827ef3eb3db
Lancaster Extortion Writer,unresolved,1,10,Extortion,UNSOLVED,S01E010,1827ef3eb3db
Lancaster Extortion Writer,unresolved,1,10,Harassment,UNSOLVED,S01E010,1827ef3eb3db
Lancaster Extortion Writer,unresolved,1,10,Unresolved,UNSOLVED,S01E010,1827ef3eb3db
Steven Cox,captured,1,10,Oregon,SOLVED,S01E010,23e6601ca7ae
Steven Cox,captured,1,10,1984,SOLVED,S01E010,23e6601ca7ae
Steven Cox,captured,1,10,Fraud,SOLVED,S01E010,23e6601ca7ae
Steven Cox,captured,1,10,Embezzlement,SOLVED,S01E010,23e6601ca7ae
Steven Cox,captured,1,10,Restaurant-Related Cases,SOLVED,S01E010,23e6601ca7ae
Steven Cox,captured,1,10,Captured,SOLVED,S01E010,23e6601ca7ae
Matthew Chase,solved,1,10,California,SOLVED,S01E010,3e38c31050fe
Matthew Chase,solved,1,10,1988,SOLVED,S01E010,3e38c31050fe
Matthew Chase,solved,1,10,Disappearances,SOLVED,S01E010,3e38c31050fe
Matthew Chase,solved,1,10,Abduction,SOLVED,S01E010,3e38c31050fe
Matthew Chase,solved,1,10,Armed Robbery,SOLVED,S01E010,3e38c31050fe
Matthew Chase,solved,1,10,ATM-Related Cases,SOLVED,S01E010,3e38c31050fe
Matthew Chase,solved,1,10,Lost Identity Cases,SOLVED,S01E010,3e38c31050fe
Matthew Chase,solved,1,10,Solved,SOLVED,S01E010,3e38c31050fe
Marilu Geri,unsolved,1,10,Texas,UNSOLVED,S01E010,37983e6bfd1b
Marilu Geri,unsolved,1,10,1986,UNSOLVED,S01E010,37983e6bfd1b
Marilu Geri,unsolved,1,10,Murder,UNSOLVED,S01E010,37983e6bfd1b
Marilu Geri,unsolved,1,10,Unsolved,UNSOLVED,S01E010,37983e6bfd1b
The Family of Dolores Valadez,unsolved,1,10,California,UNSOLVED,S01E010,d71ded9250f8
The Family of Dolores Valadez,unsolved,1,10,1947,UNSOLVED,S01E010,d71ded9250f8
The Family of Dolores Valadez,unsolved,1,10,Lost Loves,UNSOLVED,S01E010,d71ded9250f8
The Family of Dolores Valadez,unsolved,1,10,Unsolved,UNSOLVED,S01E010,d71ded9250f8
Lee Selwyn,solved,1,11,California,SOLVED,S01E011,dd952ea6e9d6
Lee Selwyn,solved,1,11,1988,SOLVED,S01E011,dd952ea6e9d6
Lee Selwyn,solved,1,11,Murder,SOLVED,S01E011,dd952ea6e9d6
Lee Selwyn,solved,1,11,Vehicular Manslaughter,SOLVED,S01E011,dd952ea6e9d6
Lee Selwyn,solved,1,11,Motorcycle-Related Cases,SOLVED,S01E011,dd952ea6e9d6
Lee Selwyn,solved,1,11,Music-Related Cases,SOLVED,S01E011,dd952ea6e9d6
Lee Selwyn,solved,1,11,Road-Related Cases,SOLVED,S01E011,dd952ea6e9d6
Lee Selwyn,solved,1,11,Viewer Solves,SOLVED,S01E011,dd952ea6e9d6
Lee Selwyn,solved,1,11,Solved,SOLVED,S01E011,dd952ea6e9d6
Steven Cox,captured,1,11,Oregon,SOLVED,S01E011,23e6601ca7ae
Steven Cox,captured,1,11,1984,SOLVED,S01E011,23e6601ca7ae
Steven Cox,captured,1,11,Fraud,SOLVED,S01E011,23e6601ca7ae
Steven Cox,captured,1,11,Embezzlement,SOLVED,S01E011,23e6601ca7ae
Steven Cox,captured,1,11,Restaurant-Related Cases,SOLVED,S01E011,23e6601ca7ae
Steven Cox,captured,1,11,Captured,SOLVED,S01E011,23e6601ca7ae
Michael Rosenblum,unresolved,1,11,Pennsylvania,UNSOLVED,S01E011,af7bbe06e22a
Michael Rosenblum,unresolved,1,11,1980,UNSOLVED,S01E011,af7bbe06e22a
Michael Rosenblum,unresolved,1,11,Disappearances,UNSOLVED,S01E011,af7bbe06e22a
Michael Rosenblum,unresolved,1,11,Police-Involved Cases,UNSOLVED,S01E011,af7bbe06e22a
Michael Rosenblum,unresolved,1,11,Conspiracy Cases,UNSOLVED,S01E011,af7bbe06e22a
Michael Rosenblum,unresolved,1,11,Unresolved,UNSOLVED,S01E011,af7bbe06e22a
Rogest Cain,unsolved,1,11,California,UNSOLVED,S01E011,b61db92b1b01
Rogest Cain,unsolved,1,11,1986,UNSOLVED,S01E011,b61db92b1b01
Rogest Cain,unsolved,1,11,Disappearances,UNSOLVED,S01E011,b61db92b1b01
Rogest Cain,unsolved,1,11,Amnesia,UNSOLVED,S01E011,b61db92b1b01
Rogest Cain,unsolved,1,11,Lost Identity Cases,UNSOLVED,S01E011,b61db92b1b01
Rogest Cain,unsolved,1,11,Lost Loves,UNSOLVED,S01E011,b61db92b1b01
Rogest Cain,unsolved,1,11,Medical-Related Cases,UNSOLVED,S01E011,b61db92b1b01
Rogest Cain,unsolved,1,11,Unsolved,UNSOLVED,S01E011,b61db92b1b01
Arthur Frankford,captured,1,11,Florida,SOLVED,S01E011,14353c0679c4
Arthur Frankford,captured,1,11,1988,SOLVED,S01E011,14353c0679c4
Arthur Frankford,captured,1,11,Burglary,SOLVED,S01E011,14353c0679c4
Arthur Frankford,captured,1,11,Forgery,SOLVED,S01E011,14353c0679c4
Arthur Frankford,captured,1,11,Fraud,SOLVED,S01E011,14353c0679c4
Arthur Frankford,captured,1,11,Theft,SOLVED,S01E011,14353c0679c4
Arthur Frankford,captured,1,11,Viewer Solves,SOLVED,S01E011,14353c0679c4
Arthur Frankford,captured,1,11,Captured,SOLVED,S01E011,14353c0679c4
Jeremy Bright,unsolved,1,12,Oregon,UNSOLVED,S01E012,e1cb40af627b
Jeremy Bright,unsolved,1,12,1986,UNSOLVED,S01E012,e1cb40af627b
Jeremy Bright,unsolved,1,12,Disappearances,UNSOLVED,S01E012,e1cb40af627b
Jeremy Bright,unsolved,1,12,Party-Related Cases,UNSOLVED,S01E012,e1cb40af627b
Jeremy Bright,unsolved,1,12,Unsolved,UNSOLVED,S01E012,e1cb40af627b
John Martin,solved,1,12,Virginia,SOLVED,S01E012,082c72b6fe0c
John Martin,solved,1,12,1988,SOLVED,S01E012,082c72b6fe0c
John Martin,solved,1,12,Murder,SOLVED,S01E012,082c72b6fe0c
John Martin,solved,1,12,Officer-Involved Cases,SOLVED,S01E012,082c72b6fe0c
John Martin,solved,1,12,Solved,SOLVED,S01E012,082c72b6fe0c
Heirs of Dan Willans,unresolved,1,12,Yukon Territory,UNSOLVED,S01E012,5041cb90b487
Heirs of Dan Willans,unresolved,1,12,Ontario,UNSOLVED,S01E012,5041cb90b487
Heirs of Dan Willans,unresolved,1,12,1925,UNSOLVED,S01E012,5041cb90b487
Heirs of Dan Willans,unresolved,1,12,1936,UNSOLVED,S01E012,5041cb90b487
Heirs of Dan Willans,unresolved,1,12,Lost Loves,UNSOLVED,S01E012,5041cb90b487
Heirs of Dan Willans,unresolved,1,12,Disappearances,UNSOLVED,S01E012,5041cb90b487
Heirs of Dan Willans,unresolved,1,12,Inheritance,UNSOLVED,S01E012,5041cb90b487
Heirs of Dan Willans,unresolved,1,12,Unresolved,UNSOLVED,S01E012,5041cb90b487
Leo Koury,solved,1,12,Virginia,SOLVED,S01E012,c47b94b522bf
Leo Koury,solved,1,12,1975,SOLVED,S01E012,c47b94b522bf
Leo Koury,solved,1,12,1977,SOLVED,S01E012,c47b94b522bf
Leo Koury,solved,1,12,1978,SOLVED,S01E012,c47b94b522bf
Leo Koury,solved,1,12,Murder,SOLVED,S01E012,c47b94b522bf
Leo Koury,solved,1,12,Attempted Murder,SOLVED,S01E012,c47b94b522bf
Leo Koury,solved,1,12,Arson,SOLVED,S01E012,c47b94b522bf
Leo Koury,solved,1,12,Fraud,SOLVED,S01E012,c47b94b522bf
Leo Koury,solved,1,12,Extortion,SOLVED,S01E012,c47b94b522bf
Leo Koury,solved,1,12,AMW Cases,SOLVED,S01E012,c47b94b522bf
Leo Koury,solved,1,12,Captured,SOLVED,S01E012,c47b94b522bf
Michaela Garecht,unresolved,1,12,California,UNSOLVED,S01E012,9447a1dbe692
Michaela Garecht,unresolved,1,12,1988,UNSOLVED,S01E012,9447a1dbe692
Michaela Garecht,unresolved,1,12,Abduction,UNSOLVED,S01E012,9447a1dbe692
Michaela Garecht,unresolved,1,12,Disappearances,UNSOLVED,S01E012,9447a1dbe692
Michaela Garecht,unresolved,1,12,Bicycle-Related Cases,UNSOLVED,S01E012,9447a1dbe692
Michaela Garecht,unresolved,1,12,AMW Cases,UNSOLVED,S01E012,9447a1dbe692
Michaela Garecht,unresolved,1,12,Lifetime Cases,UNSOLVED,S01E012,9447a1dbe692
Michaela Garecht,unresolved,1,12,Unresolved,UNSOLVED,S01E012,9447a1dbe692
Amber Swartz,unresolved,1,12,California,UNSOLVED,S01E012,42bbbf4873c3
Amber Swartz,unresolved,1,12,1988,UNSOLVED,S01E012,42bbbf4873c3
Amber Swartz,unresolved,1,12,Disappearances,UNSOLVED,S01E012,42bbbf4873c3
Amber Swartz,unresolved,1,12,Abduction,UNSOLVED,S01E012,42bbbf4873c3
Amber Swartz,unresolved,1,12,Lifetime Cases,UNSOLVED,S01E012,42bbbf4873c3
Amber Swartz,unresolved,1,12,AMW Cases,UNSOLVED,S01E012,42bbbf4873c3
Amber Swartz,unresolved,1,12,Unresolved,UNSOLVED,S01E012,42bbbf4873c3
The Crew of the Liebling,unsolved,1,12,California,UNSOLVED,S01E012,6f1ad3118c96
The Crew of the Liebling,unsolved,1,12,Oregon,UNSOLVED,S01E012,6f1ad3118c96
The Crew of the Liebling,unsolved,1,12,1986,UNSOLVED,S01E012,6f1ad3118c96
The Crew of the Liebling,unsolved,1,12,Disappearances,UNSOLVED,S01E012,6f1ad3118c96
The Crew of the Liebling,unsolved,1,12,Sea-Related Cases,UNSOLVED,S01E012,6f1ad3118c96
The Crew of the Liebling,unsolved,1,12,Unsolved,UNSOLVED,S01E012,6f1ad3118c96
Micki Jo West,unresolved,1,13,Missouri,UNSOLVED,S01E013,4dab68c55907
Micki Jo West,unresolved,1,13,1979,UNSOLVED,S01E013,4dab68c55907
Micki Jo West,unresolved,1,13,Disappearances,UNSOLVED,S01E013,4dab68c55907
Micki Jo West,unresolved,1,13,Abduction,UNSOLVED,S01E013,4dab68c55907
Micki Jo West,unresolved,1,13,Harassment,UNSOLVED,S01E013,4dab68c55907
Micki Jo West,unresolved,1,13,Medical-Related Cases,UNSOLVED,S01E013,4dab68c55907
Micki Jo West,unresolved,1,13,Unresolved,UNSOLVED,S01E013,4dab68c55907
David Davis,captured,1,13,Michigan,SOLVED,S01E013,7ee9c76aa5db
David Davis,captured,1,13,1980,SOLVED,S01E013,7ee9c76aa5db
David Davis,captured,1,13,1981,SOLVED,S01E013,7ee9c76aa5db
David Davis,captured,1,13,Murder,SOLVED,S01E013,7ee9c76aa5db
David Davis,captured,1,13,Suspicious Deaths,SOLVED,S01E013,7ee9c76aa5db
David Davis,captured,1,13,Horse-Related Cases,SOLVED,S01E013,7ee9c76aa5db
David Davis,captured,1,13,AMW Cases,SOLVED,S01E013,7ee9c76aa5db
David Davis,captured,1,13,Court TV Cases,SOLVED,S01E013,7ee9c76aa5db
David Davis,captured,1,13,Viewer Solves,SOLVED,S01E013,7ee9c76aa5db
David Davis,captured,1,13,Captured,SOLVED,S01E013,7ee9c76aa5db
David Davis,captured,1,13,Michigan,SOLVED,S01E013,7ee9c76aa5db
David Davis,captured,1,13,1980,SOLVED,S01E013,7ee9c76aa5db
David Davis,captured,1,13,1981,SOLVED,S01E013,7ee9c76aa5db
David Davis,captured,1,13,Murder,SOLVED,S01E013,7ee9c76aa5db
David Davis,captured,1,13,Suspicious Deaths,SOLVED,S01E013,7ee9c76aa5db
David Davis,captured,1,13,Horse-Related Cases,SOLVED,S01E013,7ee9c76aa5db
David Davis,captured,1,13,AMW Cases,SOLVED,S01E013,7ee9c76aa5db
David Davis,captured,1,13,Court TV Cases,SOLVED,S01E013,7ee9c76aa5db
David Davis,captured,1,13,Viewer Solves,SOLVED,S01E013,7ee9c76aa5db
David Davis,captured,1,13,Captured,SOLVED,S01E013,7ee9c76aa5db
The Brother of Sylvia Wemhoff,solved,1,13,New York,SOLVED,S01E013,58b9ccd0868c
The Brother of Sylvia Wemhoff,solved,1,13,Nebraska,SOLVED,S01E013,58b9ccd0868c
The Brother of Sylvia Wemhoff,solved,1,13,1921,SOLVED,S01E013,58b9ccd0868c
The Brother of Sylvia Wemhoff,solved,1,13,Lost Loves,SOLVED,S01E013,58b9ccd0868c
The Brother of Sylvia Wemhoff,solved,1,13,Adoption Cases,SOLVED,S01E013,58b9ccd0868c
The Brother of Sylvia Wemhoff,solved,1,13,Train-Related Cases,SOLVED,S01E013,58b9ccd0868c
The Brother of Sylvia Wemhoff,solved,1,13,Viewer Solves,SOLVED,S01E013,58b9ccd0868c
The Brother of Sylvia Wemhoff,solved,1,13,Solved,SOLVED,S01E013,58b9ccd0868c
Margaret Murphy,unsolved,1,13,New York,UNSOLVED,S01E013,5638ca2b2ccd
Margaret Murphy,unsolved,1,13,Kansas,UNSOLVED,S01E013,5638ca2b2ccd
Margaret Murphy,unsolved,1,13,1928,UNSOLVED,S01E013,5638ca2b2ccd
Margaret Murphy,unsolved,1,13,Lost Loves,UNSOLVED,S01E013,5638ca2b2ccd
Margaret Murphy,unsolved,1,13,Train-Related Cases,UNSOLVED,S01E013,5638ca2b2ccd
Margaret Murphy,unsolved,1,13,Unsolved,UNSOLVED,S01E013,5638ca2b2ccd
Marlene Santana,unsolved,1,13,New York,UNSOLVED,S01E013,920c319a7d00
Marlene Santana,unsolved,1,13,1985,UNSOLVED,S01E013,920c319a7d00
Marlene Santana,unsolved,1,13,Abduction,UNSOLVED,S01E013,920c319a7d00
Marlene Santana,unsolved,1,13,Disappearances,UNSOLVED,S01E013,920c319a7d00
Marlene Santana,unsolved,1,13,Medical-Related Cases,UNSOLVED,S01E013,920c319a7d00
Marlene Santana,unsolved,1,13,Unsolved,UNSOLVED,S01E013,920c319a7d00
Carlina White,solved,1,13,New York,SOLVED,S01E013,cffcfb2c26f3
Carlina White,solved,1,13,1987,SOLVED,S01E013,cffcfb2c26f3
Carlina White,solved,1,13,Abduction,SOLVED,S01E013,cffcfb2c26f3
Carlina White,solved,1,13,Disappearances,SOLVED,S01E013,cffcfb2c26f3
Carlina White,solved,1,13,Medical-Related Cases,SOLVED,S01E013,cffcfb2c26f3
Carlina White,solved,1,13,Solved,SOLVED,S01E013,cffcfb2c26f3
Christopher Abeyta,unsolved,1,13,Colorado,UNSOLVED,S01E013,6c080394305c
Christopher Abeyta,unsolved,1,13,1986,UNSOLVED,S01E013,6c080394305c
Christopher Abeyta,unsolved,1,13,Disappearances,UNSOLVED,S01E013,6c080394305c
Christopher Abeyta,unsolved,1,13,Abduction,UNSOLVED,S01E013,6c080394305c
Christopher Abeyta,unsolved,1,13,Netflix,UNSOLVED,S01E013,6c080394305c
Christopher Abeyta,unsolved,1,13,Unsolved,UNSOLVED,S01E013,6c080394305c
The Bald Mountain Shooters,unresolved,1,13,Nevada,UNSOLVED,S01E013,28e1eb060130
The Bald Mountain Shooters,unresolved,1,13,1987,UNSOLVED,S01E013,28e1eb060130
The Bald Mountain Shooters,unresolved,1,13,Suspicious Deaths,UNSOLVED,S01E013,28e1eb060130
The Bald Mountain Shooters,unresolved,1,13,Animal Cruelty Cases,UNSOLVED,S01E013,28e1eb060130
The Bald Mountain Shooters,unresolved,1,13,Unresolved,UNSOLVED,S01E013,28e1eb060130
Robert Leads,captured,1,13,California,SOLVED,S01E013,ff5abadfe828
Robert Leads,captured,1,13,Washington D.C.,SOLVED,S01E013,ff5abadfe828
Robert Leads,captured,1,13,1987,SOLVED,S01E013,ff5abadfe828
Robert Leads,captured,1,13,1988,SOLVED,S01E013,ff5abadfe828
Robert Leads,captured,1,13,Theft,SOLVED,S01E013,ff5abadfe828
Robert Leads,captured,1,13,Captured,SOLVED,S01E013,ff5abadfe828
Face on Mars,solved,1,14,Mars,SOLVED,S01E014,0b7fc8262635
Face on Mars,solved,1,14,1975,SOLVED,S01E014,0b7fc8262635
Face on Mars,solved,1,14,1976,SOLVED,S01E014,0b7fc8262635
Face on Mars,solved,1,14,Legends,SOLVED,S01E014,0b7fc8262635
Face on Mars,solved,1,14,Unusual Phenomenon Cases,SOLVED,S01E014,0b7fc8262635
Face on Mars,solved,1,14,Solved,SOLVED,S01E014,0b7fc8262635
Arthur Frankford,captured,1,14,Florida,SOLVED,S01E014,14353c0679c4
Arthur Frankford,captured,1,14,1988,SOLVED,S01E014,14353c0679c4
Arthur Frankford,captured,1,14,Burglary,SOLVED,S01E014,14353c0679c4
Arthur Frankford,captured,1,14,Forgery,SOLVED,S01E014,14353c0679c4
Arthur Frankford,captured,1,14,Fraud,SOLVED,S01E014,14353c0679c4
Arthur Frankford,captured,1,14,Theft,SOLVED,S01E014,14353c0679c4
Arthur Frankford,captured,1,14,Viewer Solves,SOLVED,S01E014,14353c0679c4
Arthur Frankford,captured,1,14,Captured,SOLVED,S01E014,14353c0679c4
Kathy Hobbs,solved,1,14,Nevada,SOLVED,S01E014,ecfc563b0a6e
Kathy Hobbs,solved,1,14,1987,SOLVED,S01E014,ecfc563b0a6e
Kathy Hobbs,solved,1,14,Murder,SOLVED,S01E014,ecfc563b0a6e
Kathy Hobbs,solved,1,14,Disappearances,SOLVED,S01E014,ecfc563b0a6e
Kathy Hobbs,solved,1,14,Abduction,SOLVED,S01E014,ecfc563b0a6e
Kathy Hobbs,solved,1,14,Unusual Phenomenon Cases,SOLVED,S01E014,ecfc563b0a6e
Kathy Hobbs,solved,1,14,Solved,SOLVED,S01E014,ecfc563b0a6e
Philip Pelletier,solved,1,14,Germany,SOLVED,S01E014,7ed7cc237216
Philip Pelletier,solved,1,14,Hungary,SOLVED,S01E014,7ed7cc237216
Philip Pelletier,solved,1,14,Austria,SOLVED,S01E014,7ed7cc237216
Philip Pelletier,solved,1,14,1945,SOLVED,S01E014,7ed7cc237216
Philip Pelletier,solved,1,14,1946,SOLVED,S01E014,7ed7cc237216
Philip Pelletier,solved,1,14,Lost Loves,SOLVED,S01E014,7ed7cc237216
Philip Pelletier,solved,1,14,Military-Related Cases,SOLVED,S01E014,7ed7cc237216
Philip Pelletier,solved,1,14,Solved,SOLVED,S01E014,7ed7cc237216
Philip Pelletier,solved,1,14,Viewer Solves,SOLVED,S01E014,7ed7cc237216
Jackie Harrington,solved,1,14,New York,SOLVED,S01E014,1b966f7d5dcd
Jackie Harrington,solved,1,14,1934,SOLVED,S01E014,1b966f7d5dcd
Jackie Harrington,solved,1,14,Adoption Cases,SOLVED,S01E014,1b966f7d5dcd
Jackie Harrington,solved,1,14,Lost Loves,SOLVED,S01E014,1b966f7d5dcd
Jackie Harrington,solved,1,14,Solved,SOLVED,S01E014,1b966f7d5dcd
Angelo Desideri,solved,1,14,Arizona,SOLVED,S01E014,e46b3374f2e7
Angelo Desideri,solved,1,14,California,SOLVED,S01E014,e46b3374f2e7
Angelo Desideri,solved,1,14,1988,SOLVED,S01E014,e46b3374f2e7
Angelo Desideri,solved,1,14,Abduction,SOLVED,S01E014,e46b3374f2e7
Angelo Desideri,solved,1,14,Disappearances,SOLVED,S01E014,e46b3374f2e7
Angelo Desideri,solved,1,14,Fire-Related Cases,SOLVED,S01E014,e46b3374f2e7
Angelo Desideri,solved,1,14,Solved,SOLVED,S01E014,e46b3374f2e7
Frank Morris and the Anglin Brothers,wanted,1,15,California,UNSOLVED,S01E015,5d46358c5214
Frank Morris and the Anglin Brothers,wanted,1,15,1962,UNSOLVED,S01E015,5d46358c5214
Frank Morris and the Anglin Brothers,wanted,1,15,Escape,UNSOLVED,S01E015,5d46358c5214
Frank Morris and the Anglin Brothers,wanted,1,15,Legends,UNSOLVED,S01E015,5d46358c5214
Frank Morris and the Anglin Brothers,wanted,1,15,Armed Robbery,UNSOLVED,S01E015,5d46358c5214
Frank Morris and the Anglin Brothers,wanted,1,15,AMW Cases,UNSOLVED,S01E015,5d46358c5214
Frank Morris and the Anglin Brothers,wanted,1,15,Disappearances,UNSOLVED,S01E015,5d46358c5214
Frank Morris and the Anglin Brothers,wanted,1,15,Sea-Related Cases,UNSOLVED,S01E015,5d46358c5214
Frank Morris and the Anglin Brothers,wanted,1,15,Wanted,UNSOLVED,S01E015,5d46358c5214
Jean Marie Gagnon,captured,1,15,Massachusetts,SOLVED,S01E015,6b8f5b73c810
Jean Marie Gagnon,captured,1,15,Connecticut,SOLVED,S01E015,6b8f5b73c810
Jean Marie Gagnon,captured,1,15,1977,SOLVED,S01E015,6b8f5b73c810
Jean Marie Gagnon,captured,1,15,1985,SOLVED,S01E015,6b8f5b73c810
Jean Marie Gagnon,captured,1,15,Attempted Murder,SOLVED,S01E015,6b8f5b73c810
Jean Marie Gagnon,captured,1,15,Armed Robbery,SOLVED,S01E015,6b8f5b73c810
Jean Marie Gagnon,captured,1,15,Escape,SOLVED,S01E015,6b8f5b73c810
Jean Marie Gagnon,captured,1,15,Road-Related Cases,SOLVED,S01E015,6b8f5b73c810
Jean Marie Gagnon,captured,1,15,Captured,SOLVED,S01E015,6b8f5b73c810
Thomas Nauss Jr.,captured,1,15,Pennsylvania,SOLVED,S01E015,1c755155ef81
Thomas Nauss Jr.,captured,1,15,New Jersey,SOLVED,S01E015,1c755155ef81
Thomas Nauss Jr.,captured,1,15,1971,SOLVED,S01E015,1c755155ef81
Thomas Nauss Jr.,captured,1,15,1983,SOLVED,S01E015,1c755155ef81
Thomas Nauss Jr.,captured,1,15,Murder,SOLVED,S01E015,1c755155ef81
Thomas Nauss Jr.,captured,1,15,Attempted Murder,SOLVED,S01E015,1c755155ef81
Thomas Nauss Jr.,captured,1,15,Rape,SOLVED,S01E015,1c755155ef81
Thomas Nauss Jr.,captured,1,15,Escape,SOLVED,S01E015,1c755155ef81
Thomas Nauss Jr.,captured,1,15,Motorcycle-Related Cases,SOLVED,S01E015,1c755155ef81
Thomas Nauss Jr.,captured,1,15,Captured,SOLVED,S01E015,1c755155ef81
Thomas Nauss Jr.,captured,1,15,AMW Cases,SOLVED,S01E015,1c755155ef81
Carl Alfred Eder,wanted,1,15,California,UNSOLVED,S01E015,97e47c2404d3
Carl Alfred Eder,wanted,1,15,1958,UNSOLVED,S01E015,97e47c2404d3
Carl Alfred Eder,wanted,1,15,1974,UNSOLVED,S01E015,97e47c2404d3
Carl Alfred Eder,wanted,1,15,Murder,UNSOLVED,S01E015,97e47c2404d3
Carl Alfred Eder,wanted,1,15,Escape,UNSOLVED,S01E015,97e47c2404d3
Carl Alfred Eder,wanted,1,15,AMW Cases,UNSOLVED,S01E015,97e47c2404d3
Carl Alfred Eder,wanted,1,15,Wanted,UNSOLVED,S01E015,97e47c2404d3
Lena Regina Smith,captured,1,15,Massachusetts,SOLVED,S01E015,b4c0c0a8b0d5
Lena Regina Smith,captured,1,15,1970,SOLVED,S01E015,b4c0c0a8b0d5
Lena Regina Smith,captured,1,15,1971,SOLVED,S01E015,b4c0c0a8b0d5
Lena Regina Smith,captured,1,15,1976,SOLVED,S01E015,b4c0c0a8b0d5
Lena Regina Smith,captured,1,15,Murder,SOLVED,S01E015,b4c0c0a8b0d5
Lena Regina Smith,captured,1,15,Manslaughter,SOLVED,S01E015,b4c0c0a8b0d5
Lena Regina Smith,captured,1,15,Escape,SOLVED,S01E015,b4c0c0a8b0d5
Lena Regina Smith,captured,1,15,Captured,SOLVED,S01E015,b4c0c0a8b0d5
Joseph Mancini,captured,1,15,Nevada,SOLVED,S01E015,f4ba9ae72a73
Joseph Mancini,captured,1,15,1979,SOLVED,S01E015,f4ba9ae72a73
Joseph Mancini,captured,1,15,1987,SOLVED,S01E015,f4ba9ae72a73
Joseph Mancini,captured,1,15,Rape,SOLVED,S01E015,f4ba9ae72a73
Joseph Mancini,captured,1,15,Escape,SOLVED,S01E015,f4ba9ae72a73
Joseph Mancini,captured,1,15,Captured,SOLVED,S01E015,f4ba9ae72a73
Mickey and Trudy Thompson,unresolved,1,16,California,UNSOLVED,S01E016,74b4e907adf5
Mickey and Trudy Thompson,unresolved,1,16,1988,UNSOLVED,S01E016,74b4e907adf5
Mickey and Trudy Thompson,unresolved,1,16,Murder,UNSOLVED,S01E016,74b4e907adf5
Mickey and Trudy Thompson,unresolved,1,16,AMW Cases,UNSOLVED,S01E016,74b4e907adf5
Mickey and Trudy Thompson,unresolved,1,16,Bicycle-Related Cases,UNSOLVED,S01E016,74b4e907adf5
Mickey and Trudy Thompson,unresolved,1,16,Unresolved,UNSOLVED,S01E016,74b4e907adf5
The Bald Mountain Shooters,unresolved,1,16,Nevada,UNSOLVED,S01E016,28e1eb060130
The Bald Mountain Shooters,unresolved,1,16,1987,UNSOLVED,S01E016,28e1eb060130
The Bald Mountain Shooters,unresolved,1,16,Suspicious Deaths,UNSOLVED,S01E016,28e1eb060130
The Bald Mountain Shooters,unresolved,1,16,Animal Cruelty Cases,UNSOLVED,S01E016,28e1eb060130
The Bald Mountain Shooters,unresolved,1,16,Unresolved,UNSOLVED,S01E016,28e1eb060130
Crazy Glue Bandit,captured,1,16,California,SOLVED,S01E016,5152ee42da3e
Crazy Glue Bandit,captured,1,16,1987,SOLVED,S01E016,5152ee42da3e
Crazy Glue Bandit,captured,1,16,Robbery,SOLVED,S01E016,5152ee42da3e
Crazy Glue Bandit,captured,1,16,Captured,SOLVED,S01E016,5152ee42da3e
Bigfoot,unsolvedlinks,1,16,Colorado,UNSOLVED,S01E016,ea2969d86399
Bigfoot,unsolvedlinks,1,16,Oregon,UNSOLVED,S01E016,ea2969d86399
Bigfoot,unsolvedlinks,1,16,Washington,UNSOLVED,S01E016,ea2969d86399
Bigfoot,unsolvedlinks,1,16,1989,UNSOLVED,S01E016,ea2969d86399
Bigfoot,unsolvedlinks,1,16,1993,UNSOLVED,S01E016,ea2969d86399
Bigfoot,unsolvedlinks,1,16,Mysterious Creatures,UNSOLVED,S01E016,ea2969d86399
Bigfoot,unsolvedlinks,1,16,Woodland-Related Cases,UNSOLVED,S01E016,ea2969d86399
Bigfoot,unsolvedlinks,1,16,Unusual Phenomenon Cases,UNSOLVED,S01E016,ea2969d86399
Bigfoot,unsolvedlinks,1,16,Cryptozoology,UNSOLVED,S01E016,ea2969d86399
Bigfoot,unsolvedlinks,1,16,Legends,UNSOLVED,S01E016,ea2969d86399
Bigfoot,unsolvedlinks,1,16,Unsolved,UNSOLVED,S01E016,ea2969d86399
Heirs of George J. Stein,unsolved,1,16,Minnesota,UNSOLVED,S01E016,e169be73bb83
Heirs of George J. Stein,unsolved,1,16,Indiana,UNSOLVED,S01E016,e169be73bb83
Heirs of George J. Stein,unsolved,1,16,Illinois,UNSOLVED,S01E016,e169be73bb83
Heirs of George J. Stein,unsolved,1,16,Wisconsin,UNSOLVED,S01E016,e169be73bb83
Heirs of George J. Stein,unsolved,1,16,Iowa,UNSOLVED,S01E016,e169be73bb83
Heirs of George J. Stein,unsolved,1,16,1903,UNSOLVED,S01E016,e169be73bb83
Heirs of George J. Stein,unsolved,1,16,1936,UNSOLVED,S01E016,e169be73bb83
Heirs of George J. Stein,unsolved,1,16,1952,UNSOLVED,S01E016,e169be73bb83
Heirs of George J. Stein,unsolved,1,16,Inheritance,UNSOLVED,S01E016,e169be73bb83
Heirs of George J. Stein,unsolved,1,16,Lost Loves,UNSOLVED,S01E016,e169be73bb83
Heirs of George J. Stein,unsolved,1,16,Unsolved,UNSOLVED,S01E016,e169be73bb83
Joyce McLain,solved,1,16,Maine,SOLVED,S01E016,6091429feb75
Joyce McLain,solved,1,16,1980,SOLVED,S01E016,6091429feb75
Joyce McLain,solved,1,16,Murder,SOLVED,S01E016,6091429feb75
Joyce McLain,solved,1,16,Disappearances,SOLVED,S01E016,6091429feb75
Joyce McLain,solved,1,16,School-Related Cases,SOLVED,S01E016,6091429feb75
Joyce McLain,solved,1,16,Solved,SOLVED,S01E016,6091429feb75
Jean Marie Gagnon,captured,1,16,Massachusetts,SOLVED,S01E016,6b8f5b73c810
Jean Marie Gagnon,captured,1,16,Connecticut,SOLVED,S01E016,6b8f5b73c810
Jean Marie Gagnon,captured,1,16,1977,SOLVED,S01E016,6b8f5b73c810
Jean Marie Gagnon,captured,1,16,1985,SOLVED,S01E016,6b8f5b73c810
Jean Marie Gagnon,captured,1,16,Attempted Murder,SOLVED,S01E016,6b8f5b73c810
Jean Marie Gagnon,captured,1,16,Armed Robbery,SOLVED,S01E016,6b8f5b73c810
Jean Marie Gagnon,captured,1,16,Escape,SOLVED,S01E016,6b8f5b73c810
Jean Marie Gagnon,captured,1,16,Road-Related Cases,SOLVED,S01E016,6b8f5b73c810
Jean Marie Gagnon,captured,1,16,Captured,SOLVED,S01E016,6b8f5b73c810
Burrowing Burglars,unresolved,1,17,California,UNSOLVED,S01E017,b42a59826f8a
Burrowing Burglars,unresolved,1,17,1986,UNSOLVED,S01E017,b42a59826f8a
Burrowing Burglars,unresolved,1,17,1987,UNSOLVED,S01E017,b42a59826f8a
Burrowing Burglars,unresolved,1,17,Burglary,UNSOLVED,S01E017,b42a59826f8a
Burrowing Burglars,unresolved,1,17,Robbery,UNSOLVED,S01E017,b42a59826f8a
Burrowing Burglars,unresolved,1,17,Unresolved,UNSOLVED,S01E017,b42a59826f8a
Kristle Merzlock,unsolvedlinks,1,17,Idaho,UNSOLVED,S01E017,f0cdabd12057
Kristle Merzlock,unsolvedlinks,1,17,New York,UNSOLVED,S01E017,f0cdabd12057
Kristle Merzlock,unsolvedlinks,1,17,1982,UNSOLVED,S01E017,f0cdabd12057
Kristle Merzlock,unsolvedlinks,1,17,Unusual Phenomenon Cases,UNSOLVED,S01E017,f0cdabd12057
Kristle Merzlock,unsolvedlinks,1,17,Miracles,UNSOLVED,S01E017,f0cdabd12057
Kristle Merzlock,unsolvedlinks,1,17,Unsolved,UNSOLVED,S01E017,f0cdabd12057
Thomas Sawyer,unsolved,1,17,New York,UNSOLVED,S01E017,4772821751c7
Thomas Sawyer,unsolved,1,17,1978,UNSOLVED,S01E017,4772821751c7
Thomas Sawyer,unsolved,1,17,Unusual Phenomenon Cases,UNSOLVED,S01E017,4772821751c7
Thomas Sawyer,unsolved,1,17,Unsolved,UNSOLVED,S01E017,4772821751c7
Robert Leads,captured,1,17,California,SOLVED,S01E017,ff5abadfe828
Robert Leads,captured,1,17,Washington D.C.,SOLVED,S01E017,ff5abadfe828
Robert Leads,captured,1,17,1987,SOLVED,S01E017,ff5abadfe828
Robert Leads,captured,1,17,1988,SOLVED,S01E017,ff5abadfe828
Robert Leads,captured,1,17,Theft,SOLVED,S01E017,ff5abadfe828
Robert Leads,captured,1,17,Captured,SOLVED,S01E017,ff5abadfe828
Walter Wenke,wanted,1,17,California,UNSOLVED,S01E017,d5f67a53bda3
Walter Wenke,wanted,1,17,1978,UNSOLVED,S01E017,d5f67a53bda3
Walter Wenke,wanted,1,17,Fraud,UNSOLVED,S01E017,d5f67a53bda3
Walter Wenke,wanted,1,17,Wanted,UNSOLVED,S01E017,d5f67a53bda3
Ronald Denslow,captured,1,17,Michigan,SOLVED,S01E017,25d2670d7a07
Ronald Denslow,captured,1,17,1985,SOLVED,S01E017,25d2670d7a07
Ronald Denslow,captured,1,17,Embezzlement,SOLVED,S01E017,25d2670d7a07
Ronald Denslow,captured,1,17,Disappearances,SOLVED,S01E017,25d2670d7a07
Ronald Denslow,captured,1,17,Captured,SOLVED,S01E017,25d2670d7a07
Permon Gilbert,unsolved,1,17,Ohio,UNSOLVED,S01E017,523d916222b2
Permon Gilbert,unsolved,1,17,Kentucky,UNSOLVED,S01E017,523d916222b2
Permon Gilbert,unsolved,1,17,1982,UNSOLVED,S01E017,523d916222b2
Permon Gilbert,unsolved,1,17,Murder,UNSOLVED,S01E017,523d916222b2
Permon Gilbert,unsolved,1,17,Drug-Related Cases,UNSOLVED,S01E017,523d916222b2
Permon Gilbert,unsolved,1,17,Mafia-Related Cases,UNSOLVED,S01E017,523d916222b2
Permon Gilbert,unsolved,1,17,Unsolved,UNSOLVED,S01E017,523d916222b2
Donald Smith,unsolved,1,18,Idaho,UNSOLVED,S01E018,c41fa44ce898
Donald Smith,unsolved,1,18,Colorado,UNSOLVED,S01E018,c41fa44ce898
Donald Smith,unsolved,1,18,California,UNSOLVED,S01E018,c41fa44ce898
Donald Smith,unsolved,1,18,1987,UNSOLVED,S01E018,c41fa44ce898
Donald Smith,unsolved,1,18,Murder,UNSOLVED,S01E018,c41fa44ce898
Donald Smith,unsolved,1,18,Disappearances,UNSOLVED,S01E018,c41fa44ce898
Donald Smith,unsolved,1,18,Road-Related Cases,UNSOLVED,S01E018,c41fa44ce898
Donald Smith,unsolved,1,18,Unsolved,UNSOLVED,S01E018,c41fa44ce898
Larry Monroe,wantedlinks,1,18,Idaho,UNSOLVED,S01E018,8cdcaf1b2fb9
Larry Monroe,wantedlinks,1,18,Colorado,UNSOLVED,S01E018,8cdcaf1b2fb9
Larry Monroe,wantedlinks,1,18,California,UNSOLVED,S01E018,8cdcaf1b2fb9
Larry Monroe,wantedlinks,1,18,1987,UNSOLVED,S01E018,8cdcaf1b2fb9
Larry Monroe,wantedlinks,1,18,Murder,UNSOLVED,S01E018,8cdcaf1b2fb9
Larry Monroe,wantedlinks,1,18,Disappearances,UNSOLVED,S01E018,8cdcaf1b2fb9
Larry Monroe,wantedlinks,1,18,Road-Related Cases,UNSOLVED,S01E018,8cdcaf1b2fb9
Larry Monroe,wantedlinks,1,18,Wanted,UNSOLVED,S01E018,8cdcaf1b2fb9
Brushy Bill Roberts,unresolved,1,18,New Mexico,UNSOLVED,S01E018,3f5afd41bbc1
Brushy Bill Roberts,unresolved,1,18,Texas,UNSOLVED,S01E018,3f5afd41bbc1
Brushy Bill Roberts,unresolved,1,18,1948,UNSOLVED,S01E018,3f5afd41bbc1
Brushy Bill Roberts,unresolved,1,18,1949,UNSOLVED,S01E018,3f5afd41bbc1
Brushy Bill Roberts,unresolved,1,18,1950,UNSOLVED,S01E018,3f5afd41bbc1
Brushy Bill Roberts,unresolved,1,18,Lost Identity Cases,UNSOLVED,S01E018,3f5afd41bbc1
Brushy Bill Roberts,unresolved,1,18,Legends,UNSOLVED,S01E018,3f5afd41bbc1
Brushy Bill Roberts,unresolved,1,18,Unsolved History Cases,UNSOLVED,S01E018,3f5afd41bbc1
Brushy Bill Roberts,unresolved,1,18,Unresolved,UNSOLVED,S01E018,3f5afd41bbc1
Jean Marie Gagnon,captured,1,18,Massachusetts,SOLVED,S01E018,6b8f5b73c810
Jean Marie Gagnon,captured,1,18,Connecticut,SOLVED,S01E018,6b8f5b73c810
Jean Marie Gagnon,captured,1,18,1977,SOLVED,S01E018,6b8f5b73c810
Jean Marie Gagnon,captured,1,18,1985,SOLVED,S01E018,6b8f5b73c810
Jean Marie Gagnon,captured,1,18,Attempted Murder,SOLVED,S01E018,6b8f5b73c810
Jean Marie Gagnon,captured,1,18,Armed Robbery,SOLVED,S01E018,6b8f5b73c810
Jean Marie Gagnon,captured,1,18,Escape,SOLVED,S01E018,6b8f5b73c810
Jean Marie Gagnon,captured,1,18,Road-Related Cases,SOLVED,S01E018,6b8f5b73c810
Jean Marie Gagnon,captured,1,18,Captured,SOLVED,S01E018,6b8f5b73c810
Charles Mule,captured,1,18,Louisiana,SOLVED,S01E018,ea0efde14312
Charles Mule,captured,1,18,1984,SOLVED,S01E018,ea0efde14312
Charles Mule,captured,1,18,1985,SOLVED,S01E018,ea0efde14312
Charles Mule,captured,1,18,1986,SOLVED,S01E018,ea0efde14312
Charles Mule,captured,1,18,Rape,SOLVED,S01E018,ea0efde14312
Charles Mule,captured,1,18,Child Molestation,SOLVED,S01E018,ea0efde14312
Charles Mule,captured,1,18,Officer-Involved Cases,SOLVED,S01E018,ea0efde14312
Charles Mule,captured,1,18,Lake-Related Cases,SOLVED,S01E018,ea0efde14312
Charles Mule,captured,1,18,Viewer Solves,SOLVED,S01E018,ea0efde14312
Charles Mule,captured,1,18,Captured,SOLVED,S01E018,ea0efde14312
Lisa Marie Kimmell,solved,1,19,Colorado,SOLVED,S01E019,c9158881bb1f
Lisa Marie Kimmell,solved,1,19,Montana,SOLVED,S01E019,c9158881bb1f
Lisa Marie Kimmell,solved,1,19,Wyoming,SOLVED,S01E019,c9158881bb1f
Lisa Marie Kimmell,solved,1,19,1988,SOLVED,S01E019,c9158881bb1f
Lisa Marie Kimmell,solved,1,19,Murder,SOLVED,S01E019,c9158881bb1f
Lisa Marie Kimmell,solved,1,19,Disappearances,SOLVED,S01E019,c9158881bb1f
Lisa Marie Kimmell,solved,1,19,Ford-Related Cases,SOLVED,S01E019,c9158881bb1f
Lisa Marie Kimmell,solved,1,19,Solved,SOLVED,S01E019,c9158881bb1f
Louis Carlucci,captured,1,19,New York,SOLVED,S01E019,16dd8e108abf
Louis Carlucci,captured,1,19,California,SOLVED,S01E019,16dd8e108abf
Louis Carlucci,captured,1,19,Nevada,SOLVED,S01E019,16dd8e108abf
Louis Carlucci,captured,1,19,Louisiana,SOLVED,S01E019,16dd8e108abf
Louis Carlucci,captured,1,19,Florida,SOLVED,S01E019,16dd8e108abf
Louis Carlucci,captured,1,19,New Jersey,SOLVED,S01E019,16dd8e108abf
Louis Carlucci,captured,1,19,1981,SOLVED,S01E019,16dd8e108abf
Louis Carlucci,captured,1,19,1982,SOLVED,S01E019,16dd8e108abf
Louis Carlucci,captured,1,19,Fraud,SOLVED,S01E019,16dd8e108abf
Louis Carlucci,captured,1,19,Theft,SOLVED,S01E019,16dd8e108abf
Louis Carlucci,captured,1,19,Bigamy,SOLVED,S01E019,16dd8e108abf
Louis Carlucci,captured,1,19,Viewer Solves,SOLVED,S01E019,16dd8e108abf
Louis Carlucci,captured,1,19,Captured,SOLVED,S01E019,16dd8e108abf
Lost Dutchman Mine,unsolved,1,19,Arizona,UNSOLVED,S01E019,afb069048848
Lost Dutchman Mine,unsolved,1,19,1876,UNSOLVED,S01E019,afb069048848
Lost Dutchman Mine,unsolved,1,19,1984,UNSOLVED,S01E019,afb069048848
Lost Dutchman Mine,unsolved,1,19,Treasure,UNSOLVED,S01E019,afb069048848
Lost Dutchman Mine,unsolved,1,19,Legends,UNSOLVED,S01E019,afb069048848
Lost Dutchman Mine,unsolved,1,19,Unsolved,UNSOLVED,S01E019,afb069048848
Thomas Hotard and Audrey Moate,unsolved,1,19,Louisiana,UNSOLVED,S01E019,b55f38b8f0d2
Thomas Hotard and Audrey Moate,unsolved,1,19,1956,UNSOLVED,S01E019,b55f38b8f0d2
Thomas Hotard and Audrey Moate,unsolved,1,19,Murder,UNSOLVED,S01E019,b55f38b8f0d2
Thomas Hotard and Audrey Moate,unsolved,1,19,Disappearances,UNSOLVED,S01E019,b55f38b8f0d2
Thomas Hotard and Audrey Moate,unsolved,1,19,Lake-Related Cases,UNSOLVED,S01E019,b55f38b8f0d2
Thomas Hotard and Audrey Moate,unsolved,1,19,Unsolved,UNSOLVED,S01E019,b55f38b8f0d2
D.B. Cooper,wanted,1,2,Washington,UNSOLVED,S01E002,fcc99a7d6e1c
D.B. Cooper,wanted,1,2,Oregon,UNSOLVED,S01E002,fcc99a7d6e1c
D.B. Cooper,wanted,1,2,1971,UNSOLVED,S01E002,fcc99a7d6e1c
D.B. Cooper,wanted,1,2,Legends,UNSOLVED,S01E002,fcc99a7d6e1c
D.B. Cooper,wanted,1,2,River-Related Cases,UNSOLVED,S01E002,fcc99a7d6e1c
D.B. Cooper,wanted,1,2,Air-Related Cases,UNSOLVED,S01E002,fcc99a7d6e1c
D.B. Cooper,wanted,1,2,Disappearances,UNSOLVED,S01E002,fcc99a7d6e1c
D.B. Cooper,wanted,1,2,Theft,UNSOLVED,S01E002,fcc99a7d6e1c
D.B. Cooper,wanted,1,2,Wanted,UNSOLVED,S01E002,fcc99a7d6e1c
Jon Yount,captured,1,2,Pennsylvania,SOLVED,S01E002,963db5cf902a
Jon Yount,captured,1,2,1966,SOLVED,S01E002,963db5cf902a
Jon Yount,captured,1,2,1986,SOLVED,S01E002,963db5cf902a
Jon Yount,captured,1,2,Murder,SOLVED,S01E002,963db5cf902a
Jon Yount,captured,1,2,Escape,SOLVED,S01E002,963db5cf902a
Jon Yount,captured,1,2,School-Related Cases,SOLVED,S01E002,963db5cf902a
Jon Yount,captured,1,2,Captured,SOLVED,S01E002,963db5cf902a
Jon Yount,captured,1,2,Woodland-Related Cases,SOLVED,S01E002,963db5cf902a
Diane Brodbeck,solved,1,2,Pennsylvania,SOLVED,S01E002,61692bdffbca
Diane Brodbeck,solved,1,2,1986,SOLVED,S01E002,61692bdffbca
Diane Brodbeck,solved,1,2,Disappearances,SOLVED,S01E002,61692bdffbca
Diane Brodbeck,solved,1,2,Escape,SOLVED,S01E002,61692bdffbca
Diane Brodbeck,solved,1,2,Solved,SOLVED,S01E002,61692bdffbca
Steve Hadley,captured,1,2,Iowa,SOLVED,S01E002,dab299f30bd8
Steve Hadley,captured,1,2,1983,SOLVED,S01E002,dab299f30bd8
Steve Hadley,captured,1,2,Theft,SOLVED,S01E002,dab299f30bd8
Steve Hadley,captured,1,2,Embezzlement,SOLVED,S01E002,dab299f30bd8
Steve Hadley,captured,1,2,Captured,SOLVED,S01E002,dab299f30bd8
Don Henry and Kevin Ives,unresolved,1,2,Arkansas,UNSOLVED,S01E002,b6d4272b3bc3
Don Henry and Kevin Ives,unresolved,1,2,1987,UNSOLVED,S01E002,b6d4272b3bc3
Don Henry and Kevin Ives,unresolved,1,2,Murder,UNSOLVED,S01E002,b6d4272b3bc3
Don Henry and Kevin Ives,unresolved,1,2,Suspicious Deaths,UNSOLVED,S01E002,b6d4272b3bc3
Don Henry and Kevin Ives,unresolved,1,2,Conspiracy Cases,UNSOLVED,S01E002,b6d4272b3bc3
Don Henry and Kevin Ives,unresolved,1,2,Drug-Related Cases,UNSOLVED,S01E002,b6d4272b3bc3
Don Henry and Kevin Ives,unresolved,1,2,Railroad-Related Cases,UNSOLVED,S01E002,b6d4272b3bc3
Don Henry and Kevin Ives,unresolved,1,2,Military-Related Cases,UNSOLVED,S01E002,b6d4272b3bc3
Don Henry and Kevin Ives,unresolved,1,2,Train-Related Cases,UNSOLVED,S01E002,b6d4272b3bc3
Don Henry and Kevin Ives,unresolved,1,2,Unresolved,UNSOLVED,S01E002,b6d4272b3bc3
Dennis Walker,unresolved,1,2,Oregon,UNSOLVED,S01E002,d55b728f541d
Dennis Walker,unresolved,1,2,Nevada,UNSOLVED,S01E002,d55b728f541d
Dennis Walker,unresolved,1,2,1986,UNSOLVED,S01E002,d55b728f541d
Dennis Walker,unresolved,1,2,1987,UNSOLVED,S01E002,d55b728f541d
Dennis Walker,unresolved,1,2,Fraud,UNSOLVED,S01E002,d55b728f541d
Dennis Walker,unresolved,1,2,Theft,UNSOLVED,S01E002,d55b728f541d
Dennis Walker,unresolved,1,2,Suspicious Deaths,UNSOLVED,S01E002,d55b728f541d
Dennis Walker,unresolved,1,2,Unresolved,UNSOLVED,S01E002,d55b728f541d
John Mooney,captured,1,20,Georgia,SOLVED,S01E020,cd583eb4c621
John Mooney,captured,1,20,1977,SOLVED,S01E020,cd583eb4c621
John Mooney,captured,1,20,1980,SOLVED,S01E020,cd583eb4c621
John Mooney,captured,1,20,Murder,SOLVED,S01E020,cd583eb4c621
John Mooney,captured,1,20,Escape,SOLVED,S01E020,cd583eb4c621
John Mooney,captured,1,20,Restaurant-Related Cases,SOLVED,S01E020,cd583eb4c621
John Mooney,captured,1,20,Captured,SOLVED,S01E020,cd583eb4c621
Liz Carmichael,captured,1,20,California,SOLVED,S01E020,5be583ea1dc6
Liz Carmichael,captured,1,20,1961,SOLVED,S01E020,5be583ea1dc6
Liz Carmichael,captured,1,20,1973,SOLVED,S01E020,5be583ea1dc6
Liz Carmichael,captured,1,20,1975,SOLVED,S01E020,5be583ea1dc6
Liz Carmichael,captured,1,20,1980,SOLVED,S01E020,5be583ea1dc6
Liz Carmichael,captured,1,20,Fraud,SOLVED,S01E020,5be583ea1dc6
Liz Carmichael,captured,1,20,Theft,SOLVED,S01E020,5be583ea1dc6
Liz Carmichael,captured,1,20,Counterfeiting,SOLVED,S01E020,5be583ea1dc6
Liz Carmichael,captured,1,20,Captured,SOLVED,S01E020,5be583ea1dc6
Annie Hearin,unresolved,1,20,Mississippi,UNSOLVED,S01E020,377ffef04cc2
Annie Hearin,unresolved,1,20,1988,UNSOLVED,S01E020,377ffef04cc2
Annie Hearin,unresolved,1,20,Abduction,UNSOLVED,S01E020,377ffef04cc2
Annie Hearin,unresolved,1,20,Disappearances,UNSOLVED,S01E020,377ffef04cc2
Annie Hearin,unresolved,1,20,Missing Spouse Cases,UNSOLVED,S01E020,377ffef04cc2
Annie Hearin,unresolved,1,20,A\u0026E Cases,UNSOLVED,S01E020,377ffef04cc2
Annie Hearin,unresolved,1,20,Van-Related Cases,UNSOLVED,S01E020,377ffef04cc2
Annie Hearin,unresolved,1,20,Unresolved,UNSOLVED,S01E020,377ffef04cc2
Terri McClure,unresolved,1,20,Nevada,UNSOLVED,S01E020,bb58a2aa94fc
Terri McClure,unresolved,1,20,1983,UNSOLVED,S01E020,bb58a2aa94fc
Terri McClure,unresolved,1,20,Murder,UNSOLVED,S01E020,bb58a2aa94fc
Terri McClure,unresolved,1,20,Disappearances,UNSOLVED,S01E020,bb58a2aa94fc
Terri McClure,unresolved,1,20,Unresolved,UNSOLVED,S01E020,bb58a2aa94fc
Charles Wickman,captured,1,20,Florida,SOLVED,S01E020,580d75875155
Charles Wickman,captured,1,20,1986,SOLVED,S01E020,580d75875155
Charles Wickman,captured,1,20,1987,SOLVED,S01E020,580d75875155
Charles Wickman,captured,1,20,Drug-Related Cases,SOLVED,S01E020,580d75875155
Charles Wickman,captured,1,20,Viewer Solves,SOLVED,S01E020,580d75875155
Charles Wickman,captured,1,20,Captured,SOLVED,S01E020,580d75875155
Dexter Stefonek,unsolved,1,21,Montana,UNSOLVED,S01E021,607255fb0083
Dexter Stefonek,unsolved,1,21,Oregon,UNSOLVED,S01E021,607255fb0083
Dexter Stefonek,unsolved,1,21,Wisconsin,UNSOLVED,S01E021,607255fb0083
Dexter Stefonek,unsolved,1,21,1985,UNSOLVED,S01E021,607255fb0083
Dexter Stefonek,unsolved,1,21,Murder,UNSOLVED,S01E021,607255fb0083
Dexter Stefonek,unsolved,1,21,Abduction,UNSOLVED,S01E021,607255fb0083
Dexter Stefonek,unsolved,1,21,Disappearances,UNSOLVED,S01E021,607255fb0083
Dexter Stefonek,unsolved,1,21,Arson,UNSOLVED,S01E021,607255fb0083
Dexter Stefonek,unsolved,1,21,Road-Related Cases,UNSOLVED,S01E021,607255fb0083
Dexter Stefonek,unsolved,1,21,Dodge-Related Cases,UNSOLVED,S01E021,607255fb0083
Dexter Stefonek,unsolved,1,21,Ford-Related Cases,UNSOLVED,S01E021,607255fb0083
Dexter Stefonek,unsolved,1,21,Fire-Related Cases,UNSOLVED,S01E021,607255fb0083
Dexter Stefonek,unsolved,1,21,Unsolved,UNSOLVED,S01E021,607255fb0083
Jorge Cortez,wantedlinks,1,21,California,UNSOLVED,S01E021,3e6e54f37c99
Jorge Cortez,wantedlinks,1,21,1988,UNSOLVED,S01E021,3e6e54f37c99
Jorge Cortez,wantedlinks,1,21,Fraud,UNSOLVED,S01E021,3e6e54f37c99
Jorge Cortez,wantedlinks,1,21,Theft,UNSOLVED,S01E021,3e6e54f37c99
Jorge Cortez,wantedlinks,1,21,Wanted,UNSOLVED,S01E021,3e6e54f37c99
Heirs of Dan Willans,unresolved,1,21,Yukon Territory,UNSOLVED,S01E021,5041cb90b487
Heirs of Dan Willans,unresolved,1,21,Ontario,UNSOLVED,S01E021,5041cb90b487
Heirs of Dan Willans,unresolved,1,21,1925,UNSOLVED,S01E021,5041cb90b487
Heirs of Dan Willans,unresolved,1,21,1936,UNSOLVED,S01E021,5041cb90b487
Heirs of Dan Willans,unresolved,1,21,Lost Loves,UNSOLVED,S01E021,5041cb90b487
Heirs of Dan Willans,unresolved,1,21,Disappearances,UNSOLVED,S01E021,5041cb90b487
Heirs of Dan Willans,unresolved,1,21,Inheritance,UNSOLVED,S01E021,5041cb90b487
Heirs of Dan Willans,unresolved,1,21,Unresolved,UNSOLVED,S01E021,5041cb90b487
Fumbles,captured,1,21,Florida,SOLVED,S01E021,eb6ffb0d60ef
Fumbles,captured,1,21,1984,SOLVED,S01E021,eb6ffb0d60ef
Fumbles,captured,1,21,1988,SOLVED,S01E021,eb6ffb0d60ef
Fumbles,captured,1,21,Armed Robbery,SOLVED,S01E021,eb6ffb0d60ef
Fumbles,captured,1,21,Captured,SOLVED,S01E021,eb6ffb0d60ef
Michael and Sharon Mohon,captured,1,21,California,SOLVED,S01E021,daa7592df6ad
Michael and Sharon Mohon,captured,1,21,Arizona,SOLVED,S01E021,daa7592df6ad
Michael and Sharon Mohon,captured,1,21,1983,SOLVED,S01E021,daa7592df6ad
Michael and Sharon Mohon,captured,1,21,1985,SOLVED,S01E021,daa7592df6ad
Michael and Sharon Mohon,captured,1,21,Attempted Murder,SOLVED,S01E021,daa7592df6ad
Michael and Sharon Mohon,captured,1,21,Escape,SOLVED,S01E021,daa7592df6ad
Michael and Sharon Mohon,captured,1,21,Robbery,SOLVED,S01E021,daa7592df6ad
Michael and Sharon Mohon,captured,1,21,Captured,SOLVED,S01E021,daa7592df6ad
Larry Dennis Miller,solved,1,21,Missouri,SOLVED,S01E021,fe8023fa5353
Larry Dennis Miller,solved,1,21,1986,SOLVED,S01E021,fe8023fa5353
Larry Dennis Miller,solved,1,21,Burglary,SOLVED,S01E021,fe8023fa5353
Larry Dennis Miller,solved,1,21,Escape,SOLVED,S01E021,fe8023fa5353
Larry Dennis Miller,solved,1,21,Solved,SOLVED,S01E021,fe8023fa5353
Curtis Watson,captured,1,21,Virginia,SOLVED,S01E021,262a16802be0
Curtis Watson,captured,1,21,1988,SOLVED,S01E021,262a16802be0
Curtis Watson,captured,1,21,Murder,SOLVED,S01E021,262a16802be0
Curtis Watson,captured,1,21,Escape,SOLVED,S01E021,262a16802be0
Curtis Watson,captured,1,21,Captured,SOLVED,S01E021,262a16802be0
Joseph Hutchinson,captured,1,21,Kentucky,SOLVED,S01E021,527cb057de49
Joseph Hutchinson,captured,1,21,1986,SOLVED,S01E021,527cb057de49
Joseph Hutchinson,captured,1,21,Drug-Related Cases,SOLVED,S01E021,527cb057de49
Joseph Hutchinson,captured,1,21,Escape,SOLVED,S01E021,527cb057de49
Joseph Hutchinson,captured,1,21,Captured,SOLVED,S01E021,527cb057de49
Gus Hoffman,unresolved,1,22,California,UNSOLVED,S01E022,5141f6c7412b
Gus Hoffman,unresolved,1,22,1978,UNSOLVED,S01E022,5141f6c7412b
Gus Hoffman,unresolved,1,22,Disappearances,UNSOLVED,S01E022,5141f6c7412b
Gus Hoffman,unresolved,1,22,Abduction,UNSOLVED,S01E022,5141f6c7412b
Gus Hoffman,unresolved,1,22,Murder,UNSOLVED,S01E022,5141f6c7412b
Gus Hoffman,unresolved,1,22,Motorcycle-Related Cases,UNSOLVED,S01E022,5141f6c7412b
Gus Hoffman,unresolved,1,22,Gang-Related Cases,UNSOLVED,S01E022,5141f6c7412b
Gus Hoffman,unresolved,1,22,Unresolved,UNSOLVED,S01E022,5141f6c7412b
Matthew Chase,solved,1,22,California,SOLVED,S01E022,3e38c31050fe
Matthew Chase,solved,1,22,1988,SOLVED,S01E022,3e38c31050fe
Matthew Chase,solved,1,22,Disappearances,SOLVED,S01E022,3e38c31050fe
Matthew Chase,solved,1,22,Abduction,SOLVED,S01E022,3e38c31050fe
Matthew Chase,solved,1,22,Armed Robbery,SOLVED,S01E022,3e38c31050fe
Matthew Chase,solved,1,22,ATM-Related Cases,SOLVED,S01E022,3e38c31050fe
Matthew Chase,solved,1,22,Lost Identity Cases,SOLVED,S01E022,3e38c31050fe
Matthew Chase,solved,1,22,Solved,SOLVED,S01E022,3e38c31050fe
Ron Rushton,captured,1,22,Nevada,SOLVED,S01E022,576abfe9735d
Ron Rushton,captured,1,22,California,SOLVED,S01E022,576abfe9735d
Ron Rushton,captured,1,22,1988,SOLVED,S01E022,576abfe9735d
Ron Rushton,captured,1,22,Fraud,SOLVED,S01E022,576abfe9735d
Ron Rushton,captured,1,22,Escape,SOLVED,S01E022,576abfe9735d
Ron Rushton,captured,1,22,Captured,SOLVED,S01E022,576abfe9735d
Patsy Wright,unsolved,1,22,Texas,UNSOLVED,S01E022,5e9ea0e5951a
Patsy Wright,unsolved,1,22,1987,UNSOLVED,S01E022,5e9ea0e5951a
Patsy Wright,unsolved,1,22,Murder,UNSOLVED,S01E022,5e9ea0e5951a
Patsy Wright,unsolved,1,22,Suspicious Deaths,UNSOLVED,S01E022,5e9ea0e5951a
Patsy Wright,unsolved,1,22,Arson,UNSOLVED,S01E022,5e9ea0e5951a
Patsy Wright,unsolved,1,22,Fire-Related Cases,UNSOLVED,S01E022,5e9ea0e5951a
Patsy Wright,unsolved,1,22,Unsolved,UNSOLVED,S01E022,5e9ea0e5951a
The Families of the S.S. Muskogee Crew,solved,1,22,Atlantic Ocean,SOLVED,S01E022,90b06ee3ff4f
The Families of the S.S. Muskogee Crew,solved,1,22,1942,SOLVED,S01E022,90b06ee3ff4f
The Families of the S.S. Muskogee Crew,solved,1,22,Lost Loves,SOLVED,S01E022,90b06ee3ff4f
The Families of the S.S. Muskogee Crew,solved,1,22,Military-Related Cases,SOLVED,S01E022,90b06ee3ff4f
The Families of the S.S. Muskogee Crew,solved,1,22,Solved,SOLVED,S01E022,90b06ee3ff4f
Julie Cross,solved,1,23,California,SOLVED,S01E023,78bfbf4e4065
Julie Cross,solved,1,23,1980,SOLVED,S01E023,78bfbf4e4065
Julie Cross,solved,1,23,Murder,SOLVED,S01E023,78bfbf4e4065
Julie Cross,solved,1,23,Attempted Murder,SOLVED,S01E023,78bfbf4e4065
Julie Cross,solved,1,23,Robbery,SOLVED,S01E023,78bfbf4e4065
Julie Cross,solved,1,23,Officer-Involved Cases,SOLVED,S01E023,78bfbf4e4065
Julie Cross,solved,1,23,Solved,SOLVED,S01E023,78bfbf4e4065
Angelo Desideri,solved,1,23,Arizona,SOLVED,S01E023,e46b3374f2e7
Angelo Desideri,solved,1,23,California,SOLVED,S01E023,e46b3374f2e7
Angelo Desideri,solved,1,23,1988,SOLVED,S01E023,e46b3374f2e7
Angelo Desideri,solved,1,23,Abduction,SOLVED,S01E023,e46b3374f2e7
Angelo Desideri,solved,1,23,Disappearances,SOLVED,S01E023,e46b3374f2e7
Angelo Desideri,solved,1,23,Fire-Related Cases,SOLVED,S01E023,e46b3374f2e7
Angelo Desideri,solved,1,23,Solved,SOLVED,S01E023,e46b3374f2e7
Bicycle Bandit,captured,1,23,Florida,SOLVED,S01E023,30ed0684a35e
Bicycle Bandit,captured,1,23,1987,SOLVED,S01E023,30ed0684a35e
Bicycle Bandit,captured,1,23,Robbery,SOLVED,S01E023,30ed0684a35e
Bicycle Bandit,captured,1,23,Captured,SOLVED,S01E023,30ed0684a35e
Bicycle Bandit,captured,1,23,Bicycle-Related Cases,SOLVED,S01E023,30ed0684a35e
Kathy Power,captured,1,23,Massachusetts,SOLVED,S01E023,6fd8f7a4b8b0
Kathy Power,captured,1,23,1970,SOLVED,S01E023,6fd8f7a4b8b0
Kathy Power,captured,1,23,Murder,SOLVED,S01E023,6fd8f7a4b8b0
Kathy Power,captured,1,23,Armed Robbery,SOLVED,S01E023,6fd8f7a4b8b0
Kathy Power,captured,1,23,Officer-Involved Cases,SOLVED,S01E023,6fd8f7a4b8b0
Kathy Power,captured,1,23,Captured,SOLVED,S01E023,6fd8f7a4b8b0
Charles Nungesser and Francois Coli,unsolved,1,23,France,UNSOLVED,S01E023,75e88d98875b
Charles Nungesser and Francois Coli,unsolved,1,23,Maine,UNSOLVED,S01E023,75e88d98875b
Charles Nungesser and Francois Coli,unsolved,1,23,1927,UNSOLVED,S01E023,75e88d98875b
Charles Nungesser and Francois Coli,unsolved,1,23,Disappearances,UNSOLVED,S01E023,75e88d98875b
Charles Nungesser and Francois Coli,unsolved,1,23,Air-Related Cases,UNSOLVED,S01E023,75e88d98875b
Charles Nungesser and Francois Coli,unsolved,1,23,Unsolved History Cases,UNSOLVED,S01E023,75e88d98875b
Charles Nungesser and Francois Coli,unsolved,1,23,Unsolved,UNSOLVED,S01E023,75e88d98875b
Victorio Peak Treasure,unresolved,1,24,New Mexico,UNSOLVED,S01E024,7b07303047b6
Victorio Peak Treasure,unresolved,1,24,1937,UNSOLVED,S01E024,7b07303047b6
Victorio Peak Treasure,unresolved,1,24,1938,UNSOLVED,S01E024,7b07303047b6
Victorio Peak Treasure,unresolved,1,24,1939,UNSOLVED,S01E024,7b07303047b6
Victorio Peak Treasure,unresolved,1,24,1948,UNSOLVED,S01E024,7b07303047b6
Victorio Peak Treasure,unresolved,1,24,1949,UNSOLVED,S01E024,7b07303047b6
Victorio Peak Treasure,unresolved,1,24,1961,UNSOLVED,S01E024,7b07303047b6
Victorio Peak Treasure,unresolved,1,24,1977,UNSOLVED,S01E024,7b07303047b6
Victorio Peak Treasure,unresolved,1,24,Treasure,UNSOLVED,S01E024,7b07303047b6
Victorio Peak Treasure,unresolved,1,24,Legends,UNSOLVED,S01E024,7b07303047b6
Victorio Peak Treasure,unresolved,1,24,Military-Related Cases,UNSOLVED,S01E024,7b07303047b6
Victorio Peak Treasure,unresolved,1,24,Unresolved,UNSOLVED,S01E024,7b07303047b6
Kari Lynn Nixon,solved,1,24,New York,SOLVED,S01E024,e1cf851454d8
Kari Lynn Nixon,solved,1,24,South Carolina,SOLVED,S01E024,e1cf851454d8
Kari Lynn Nixon,solved,1,24,1987,SOLVED,S01E024,e1cf851454d8
Kari Lynn Nixon,solved,1,24,Disappearances,SOLVED,S01E024,e1cf851454d8
Kari Lynn Nixon,solved,1,24,Abduction,SOLVED,S01E024,e1cf851454d8
Kari Lynn Nixon,solved,1,24,Lost Identity Cases,SOLVED,S01E024,e1cf851454d8
Kari Lynn Nixon,solved,1,24,Road-Related Cases,SOLVED,S01E024,e1cf851454d8
Kari Lynn Nixon,solved,1,24,Solved,SOLVED,S01E024,e1cf851454d8
David Rhodes,captured,1,24,North Carolina,SOLVED,S01E024,0f1b7a3ceca2
David Rhodes,captured,1,24,1988,SOLVED,S01E024,0f1b7a3ceca2
David Rhodes,captured,1,24,Abduction,SOLVED,S01E024,0f1b7a3ceca2
David Rhodes,captured,1,24,Captured,SOLVED,S01E024,0f1b7a3ceca2
David Rhodes,captured,1,24,Medical-Related Cases,SOLVED,S01E024,0f1b7a3ceca2
Keelan and David J. Rhodes,solved,1,24,North Carolina,SOLVED,S01E024,f09ce55b705b
Keelan and David J. Rhodes,solved,1,24,1988,SOLVED,S01E024,f09ce55b705b
Keelan and David J. Rhodes,solved,1,24,Abduction,SOLVED,S01E024,f09ce55b705b
Keelan and David J. Rhodes,solved,1,24,Disappearances,SOLVED,S01E024,f09ce55b705b
Keelan and David J. Rhodes,solved,1,24,Lost Loves,SOLVED,S01E024,f09ce55b705b
Keelan and David J. Rhodes,solved,1,24,Solved,SOLVED,S01E024,f09ce55b705b
Sheldon Weinberg,captured,1,25,New York,SOLVED,S01E025,b95596014b19
Sheldon Weinberg,captured,1,25,1986,SOLVED,S01E025,b95596014b19
Sheldon Weinberg,captured,1,25,1989,SOLVED,S01E025,b95596014b19
Sheldon Weinberg,captured,1,25,Fraud,SOLVED,S01E025,b95596014b19
Sheldon Weinberg,captured,1,25,Medical-Related Cases,SOLVED,S01E025,b95596014b19
Sheldon Weinberg,captured,1,25,Captured,SOLVED,S01E025,b95596014b19
Sheldon Weinberg,captured,1,25,Viewer Solves,SOLVED,S01E025,b95596014b19
Gulf Breeze UFO,unresolved,1,25,Florida,UNSOLVED,S01E025,8f5a350108af
Gulf Breeze UFO,unresolved,1,25,1987,UNSOLVED,S01E025,8f5a350108af
Gulf Breeze UFO,unresolved,1,25,1988,UNSOLVED,S01E025,8f5a350108af
Gulf Breeze UFO,unresolved,1,25,Unusual Phenomenon Cases,UNSOLVED,S01E025,8f5a350108af
Gulf Breeze UFO,unresolved,1,25,UFOs,UNSOLVED,S01E025,8f5a350108af
Gulf Breeze UFO,unresolved,1,25,Legends,UNSOLVED,S01E025,8f5a350108af
Gulf Breeze UFO,unresolved,1,25,Unresolved,UNSOLVED,S01E025,8f5a350108af
Joe Shepherd,captured,1,25,Tennessee,SOLVED,S01E025,47ad9cd07b2c
Joe Shepherd,captured,1,25,1976,SOLVED,S01E025,47ad9cd07b2c
Joe Shepherd,captured,1,25,1978,SOLVED,S01E025,47ad9cd07b2c
Joe Shepherd,captured,1,25,Murder,SOLVED,S01E025,47ad9cd07b2c
Joe Shepherd,captured,1,25,Escape,SOLVED,S01E025,47ad9cd07b2c
Joe Shepherd,captured,1,25,Disappearances,SOLVED,S01E025,47ad9cd07b2c
Joe Shepherd,captured,1,25,Captured,SOLVED,S01E025,47ad9cd07b2c
Marlene Santana,unsolved,1,25,New York,UNSOLVED,S01E025,920c319a7d00
Marlene Santana,unsolved,1,25,1985,UNSOLVED,S01E025,920c319a7d00
Marlene Santana,unsolved,1,25,Abduction,UNSOLVED,S01E025,920c319a7d00
Marlene Santana,unsolved,1,25,Disappearances,UNSOLVED,S01E025,920c319a7d00
Marlene Santana,unsolved,1,25,Medical-Related Cases,UNSOLVED,S01E025,920c319a7d00
Marlene Santana,unsolved,1,25,Unsolved,UNSOLVED,S01E025,920c319a7d00
Carlina White,solved,1,25,New York,SOLVED,S01E025,cffcfb2c26f3
Carlina White,solved,1,25,1987,SOLVED,S01E025,cffcfb2c26f3
Carlina White,solved,1,25,Abduction,SOLVED,S01E025,cffcfb2c26f3
Carlina White,solved,1,25,Disappearances,SOLVED,S01E025,cffcfb2c26f3
Carlina White,solved,1,25,Medical-Related Cases,SOLVED,S01E025,cffcfb2c26f3
Carlina White,solved,1,25,Solved,SOLVED,S01E025,cffcfb2c26f3
Christopher Abeyta,unsolved,1,25,Colorado,UNSOLVED,S01E025,6c080394305c
Christopher Abeyta,unsolved,1,25,1986,UNSOLVED,S01E025,6c080394305c
Christopher Abeyta,unsolved,1,25,Disappearances,UNSOLVED,S01E025,6c080394305c
Christopher Abeyta,unsolved,1,25,Abduction,UNSOLVED,S01E025,6c080394305c
Christopher Abeyta,unsolved,1,25,Netflix,UNSOLVED,S01E025,6c080394305c
Christopher Abeyta,unsolved,1,25,Unsolved,UNSOLVED,S01E025,6c080394305c
Barbara Jean Horn,unresolved,1,26,Pennsylvania,UNSOLVED,S01E026,ff9cbb38e6b6
Barbara Jean Horn,unresolved,1,26,1988,UNSOLVED,S01E026,ff9cbb38e6b6
Barbara Jean Horn,unresolved,1,26,Murder,UNSOLVED,S01E026,ff9cbb38e6b6
Barbara Jean Horn,unresolved,1,26,Abduction,UNSOLVED,S01E026,ff9cbb38e6b6
Barbara Jean Horn,unresolved,1,26,Child Molestation,UNSOLVED,S01E026,ff9cbb38e6b6
Barbara Jean Horn,unresolved,1,26,Unresolved,UNSOLVED,S01E026,ff9cbb38e6b6
Liz Carmichael,captured,1,26,California,SOLVED,S01E026,5be583ea1dc6
Liz Carmichael,captured,1,26,1961,SOLVED,S01E026,5be583ea1dc6
Liz Carmichael,captured,1,26,1973,SOLVED,S01E026,5be583ea1dc6
Liz Carmichael,captured,1,26,1975,SOLVED,S01E026,5be583ea1dc6
Liz Carmichael,captured,1,26,1980,SOLVED,S01E026,5be583ea1dc6
Liz Carmichael,captured,1,26,Fraud,SOLVED,S01E026,5be583ea1dc6
Liz Carmichael,captured,1,26,Theft,SOLVED,S01E026,5be583ea1dc6
Liz Carmichael,captured,1,26,Counterfeiting,SOLVED,S01E026,5be583ea1dc6
Liz Carmichael,captured,1,26,Captured,SOLVED,S01E026,5be583ea1dc6
The Brother of Sylvia Wemhoff,solved,1,26,New York,SOLVED,S01E026,58b9ccd0868c
The Brother of Sylvia Wemhoff,solved,1,26,Nebraska,SOLVED,S01E026,58b9ccd0868c
The Brother of Sylvia Wemhoff,solved,1,26,1921,SOLVED,S01E026,58b9ccd0868c
The Brother of Sylvia Wemhoff,solved,1,26,Lost Loves,SOLVED,S01E026,58b9ccd0868c
The Brother of Sylvia Wemhoff,solved,1,26,Adoption Cases,SOLVED,S01E026,58b9ccd0868c
The Brother of Sylvia Wemhoff,solved,1,26,Train-Related Cases,SOLVED,S01E026,58b9ccd0868c
The Brother of Sylvia Wemhoff,solved,1,26,Viewer Solves,SOLVED,S01E026,58b9ccd0868c
The Brother of Sylvia Wemhoff,solved,1,26,Solved,SOLVED,S01E026,58b9ccd0868c
Mike Riemer,unresolved,1,27,Washington,UNSOLVED,S01E027,9e44164239f9
Mike Riemer,unresolved,1,27,1985,UNSOLVED,S01E027,9e44164239f9
Mike Riemer,unresolved,1,27,Murder,UNSOLVED,S01E027,9e44164239f9
Mike Riemer,unresolved,1,27,Disappearances,UNSOLVED,S01E027,9e44164239f9
Mike Riemer,unresolved,1,27,Woodland-Related Cases,UNSOLVED,S01E027,9e44164239f9
Mike Riemer,unresolved,1,27,Unresolved,UNSOLVED,S01E027,9e44164239f9
Diana Robertson,unresolved,1,27,Washington,UNSOLVED,S01E027,1284a35710cd
Diana Robertson,unresolved,1,27,1985,UNSOLVED,S01E027,1284a35710cd
Diana Robertson,unresolved,1,27,Murder,UNSOLVED,S01E027,1284a35710cd
Diana Robertson,unresolved,1,27,Disappearances,UNSOLVED,S01E027,1284a35710cd
Diana Robertson,unresolved,1,27,Woodland-Related Cases,UNSOLVED,S01E027,1284a35710cd
Diana Robertson,unresolved,1,27,Blood Print-Related Cases,UNSOLVED,S01E027,1284a35710cd
Diana Robertson,unresolved,1,27,Unresolved,UNSOLVED,S01E027,1284a35710cd
Stephen Harkins and Ruth Cooper,unsolved,1,27,Washington,UNSOLVED,S01E027,e3df52ee7495
Stephen Harkins and Ruth Cooper,unsolved,1,27,1985,UNSOLVED,S01E027,e3df52ee7495
Stephen Harkins and Ruth Cooper,unsolved,1,27,Murder,UNSOLVED,S01E027,e3df52ee7495
Stephen Harkins and Ruth Cooper,unsolved,1,27,Disappearances,UNSOLVED,S01E027,e3df52ee7495
Stephen Harkins and Ruth Cooper,unsolved,1,27,Lake-Related Cases,UNSOLVED,S01E027,e3df52ee7495
Stephen Harkins and Ruth Cooper,unsolved,1,27,Motorcycle-Related Cases,UNSOLVED,S01E027,e3df52ee7495
Stephen Harkins and Ruth Cooper,unsolved,1,27,Woodland-Related Cases,UNSOLVED,S01E027,e3df52ee7495
Stephen Harkins and Ruth Cooper,unsolved,1,27,Unsolved,UNSOLVED,S01E027,e3df52ee7495
David Rhodes,captured,1,27,North Carolina,SOLVED,S01E027,0f1b7a3ceca2
David Rhodes,captured,1,27,1988,SOLVED,S01E027,0f1b7a3ceca2
David Rhodes,captured,1,27,Abduction,SOLVED,S01E027,0f1b7a3ceca2
David Rhodes,captured,1,27,Captured,SOLVED,S01E027,0f1b7a3ceca2
David Rhodes,captured,1,27,Medical-Related Cases,SOLVED,S01E027,0f1b7a3ceca2
Keelan and David J. Rhodes,solved,1,27,North Carolina,SOLVED,S01E027,f09ce55b705b
Keelan and David J. Rhodes,solved,1,27,1988,SOLVED,S01E027,f09ce55b705b
Keelan and David J. Rhodes,solved,1,27,Abduction,SOLVED,S01E027,f09ce55b705b
Keelan and David J. Rhodes,solved,1,27,Disappearances,SOLVED,S01E027,f09ce55b705b
Keelan and David J. Rhodes,solved,1,27,Lost Loves,SOLVED,S01E027,f09ce55b705b
Keelan and David J. Rhodes,solved,1,27,Solved,SOLVED,S01E027,f09ce55b705b
Michael and Sharon Mohon,captured,1,27,California,SOLVED,S01E027,daa7592df6ad
Michael and Sharon Mohon,captured,1,27,Arizona,SOLVED,S01E027,daa7592df6ad
Michael and Sharon Mohon,captured,1,27,1983,SOLVED,S01E027,daa7592df6ad
Michael and Sharon Mohon,captured,1,27,1985,SOLVED,S01E027,daa7592df6ad
Michael and Sharon Mohon,captured,1,27,Attempted Murder,SOLVED,S01E027,daa7592df6ad
Michael and Sharon Mohon,captured,1,27,Escape,SOLVED,S01E027,daa7592df6ad
Michael and Sharon Mohon,captured,1,27,Robbery,SOLVED,S01E027,daa7592df6ad
Michael and Sharon Mohon,captured,1,27,Captured,SOLVED,S01E027,daa7592df6ad
Patsy Wright,unsolved,1,27,Texas,UNSOLVED,S01E027,5e9ea0e5951a
Patsy Wright,unsolved,1,27,1987,UNSOLVED,S01E027,5e9ea0e5951a
Patsy Wright,unsolved,1,27,Murder,UNSOLVED,S01E027,5e9ea0e5951a
Patsy Wright,unsolved,1,27,Suspicious Deaths,UNSOLVED,S01E027,5e9ea0e5951a
Patsy Wright,unsolved,1,27,Arson,UNSOLVED,S01E027,5e9ea0e5951a
Patsy Wright,unsolved,1,27,Fire-Related Cases,UNSOLVED,S01E027,5e9ea0e5951a
Patsy Wright,unsolved,1,27,Unsolved,UNSOLVED,S01E027,5e9ea0e5951a
Jackie Harrington,solved,1,27,New York,SOLVED,S01E027,1b966f7d5dcd
Jackie Harrington,solved,1,27,1934,SOLVED,S01E027,1b966f7d5dcd
Jackie Harrington,solved,1,27,Adoption Cases,SOLVED,S01E027,1b966f7d5dcd
Jackie Harrington,solved,1,27,Lost Loves,SOLVED,S01E027,1b966f7d5dcd
Jackie Harrington,solved,1,27,Solved,SOLVED,S01E027,1b966f7d5dcd
Todd McAfee,unresolved,1,28,Florida,UNSOLVED,S01E028,10ab9b2a2e62
Todd McAfee,unresolved,1,28,1987,UNSOLVED,S01E028,10ab9b2a2e62
Todd McAfee,unresolved,1,28,Murder,UNSOLVED,S01E028,10ab9b2a2e62
Todd McAfee,unresolved,1,28,Burglary,UNSOLVED,S01E028,10ab9b2a2e62
Todd McAfee,unresolved,1,28,Van-Related Cases,UNSOLVED,S01E028,10ab9b2a2e62
Todd McAfee,unresolved,1,28,Unresolved,UNSOLVED,S01E028,10ab9b2a2e62
Ronald Denslow,captured,1,28,Michigan,SOLVED,S01E028,25d2670d7a07
Ronald Denslow,captured,1,28,1985,SOLVED,S01E028,25d2670d7a07
Ronald Denslow,captured,1,28,Embezzlement,SOLVED,S01E028,25d2670d7a07
Ronald Denslow,captured,1,28,Disappearances,SOLVED,S01E028,25d2670d7a07
Ronald Denslow,captured,1,28,Captured,SOLVED,S01E028,25d2670d7a07
Joseph Hutchinson,captured,1,28,Kentucky,SOLVED,S01E028,527cb057de49
Joseph Hutchinson,captured,1,28,1986,SOLVED,S01E028,527cb057de49
Joseph Hutchinson,captured,1,28,Drug-Related Cases,SOLVED,S01E028,527cb057de49
Joseph Hutchinson,captured,1,28,Escape,SOLVED,S01E028,527cb057de49
Joseph Hutchinson,captured,1,28,Captured,SOLVED,S01E028,527cb057de49
Victorio Peak Treasure,unresolved,1,28,New Mexico,UNSOLVED,S01E028,7b07303047b6
Victorio Peak Treasure,unresolved,1,28,1937,UNSOLVED,S01E028,7b07303047b6
Victorio Peak Treasure,unresolved,1,28,1938,UNSOLVED,S01E028,7b07303047b6
Victorio Peak Treasure,unresolved,1,28,1939,UNSOLVED,S01E028,7b07303047b6
Victorio Peak Treasure,unresolved,1,28,1948,UNSOLVED,S01E028,7b07303047b6
Victorio Peak Treasure,unresolved,1,28,1949,UNSOLVED,S01E028,7b07303047b6
Victorio Peak Treasure,unresolved,1,28,1961,UNSOLVED,S01E028,7b07303047b6
Victorio Peak Treasure,unresolved,1,28,1977,UNSOLVED,S01E028,7b07303047b6
Victorio Peak Treasure,unresolved,1,28,Treasure,UNSOLVED,S01E028,7b07303047b6
Victorio Peak Treasure,unresolved,1,28,Legends,UNSOLVED,S01E028,7b07303047b6
Victorio Peak Treasure,unresolved,1,28,Military-Related Cases,UNSOLVED,S01E028,7b07303047b6
Victorio Peak Treasure,unresolved,1,28,Unresolved,UNSOLVED,S01E028,7b07303047b6
The Families of the S.S. Muskogee Crew,solved,1,28,Atlantic Ocean,SOLVED,S01E028,90b06ee3ff4f
The Families of the S.S. Muskogee Crew,solved,1,28,1942,SOLVED,S01E028,90b06ee3ff4f
The Families of the S.S. Muskogee Crew,solved,1,28,Lost Loves,SOLVED,S01E028,90b06ee3ff4f
The Families of the S.S. Muskogee Crew,solved,1,28,Military-Related Cases,SOLVED,S01E028,90b06ee3ff4f
The Families of the S.S. Muskogee Crew,solved,1,28,Solved,SOLVED,S01E028,90b06ee3ff4f
The Queen Mary,unsolvedlinks,1,3,California,UNSOLVED,S01E003,43a2f57ee905
The Queen Mary,unsolvedlinks,1,3,1936,UNSOLVED,S01E003,43a2f57ee905
The Queen Mary,unsolvedlinks,1,3,1967,UNSOLVED,S01E003,43a2f57ee905
The Queen Mary,unsolvedlinks,1,3,Ghosts,UNSOLVED,S01E003,43a2f57ee905
The Queen Mary,unsolvedlinks,1,3,Sea-Related Cases,UNSOLVED,S01E003,43a2f57ee905
The Queen Mary,unsolvedlinks,1,3,Unsolved,UNSOLVED,S01E003,43a2f57ee905
Tallman House,unsolvedlinks,1,3,Wisconsin,UNSOLVED,S01E003,621b71e63bbd
Tallman House,unsolvedlinks,1,3,1986,UNSOLVED,S01E003,621b71e63bbd
Tallman House,unsolvedlinks,1,3,1987,UNSOLVED,S01E003,621b71e63bbd
Tallman House,unsolvedlinks,1,3,1988,UNSOLVED,S01E003,621b71e63bbd
Tallman House,unsolvedlinks,1,3,Ghosts,UNSOLVED,S01E003,621b71e63bbd
Tallman House,unsolvedlinks,1,3,Fire-Related Cases,UNSOLVED,S01E003,621b71e63bbd
Tallman House,unsolvedlinks,1,3,Unsolved,UNSOLVED,S01E003,621b71e63bbd
The General Wayne Inn,unsolved,1,3,Pennsylvania,UNSOLVED,S01E003,2c6a01e4ecc2
The General Wayne Inn,unsolved,1,3,1704,UNSOLVED,S01E003,2c6a01e4ecc2
The General Wayne Inn,unsolved,1,3,1848,UNSOLVED,S01E003,2c6a01e4ecc2
The General Wayne Inn,unsolved,1,3,1987,UNSOLVED,S01E003,2c6a01e4ecc2
The General Wayne Inn,unsolved,1,3,Ghosts,UNSOLVED,S01E003,2c6a01e4ecc2
The General Wayne Inn,unsolved,1,3,Military-Related Cases,UNSOLVED,S01E003,2c6a01e4ecc2
The General Wayne Inn,unsolved,1,3,Unsolved,UNSOLVED,S01E003,2c6a01e4ecc2
Tatum House,unsolvedlinks,1,3,Georgia,UNSOLVED,S01E003,893a0a1ca11c
Tatum House,unsolvedlinks,1,3,1986,UNSOLVED,S01E003,893a0a1ca11c
Tatum House,unsolvedlinks,1,3,Ghosts,UNSOLVED,S01E003,893a0a1ca11c
Tatum House,unsolvedlinks,1,3,ESP Cases,UNSOLVED,S01E003,893a0a1ca11c
Tatum House,unsolvedlinks,1,3,Unsolved,UNSOLVED,S01E003,893a0a1ca11c
Son of Sam,unresolved,1,4,New York,UNSOLVED,S01E004,df456757e747
Son of Sam,unresolved,1,4,1976,UNSOLVED,S01E004,df456757e747
Son of Sam,unresolved,1,4,1977,UNSOLVED,S01E004,df456757e747
Son of Sam,unresolved,1,4,Serial Killer,UNSOLVED,S01E004,df456757e747
Son of Sam,unresolved,1,4,Murder,UNSOLVED,S01E004,df456757e747
Son of Sam,unresolved,1,4,Attempted Murder,UNSOLVED,S01E004,df456757e747
Son of Sam,unresolved,1,4,Cult-Related Cases,UNSOLVED,S01E004,df456757e747
Son of Sam,unresolved,1,4,Wrongly-Accused Cases,UNSOLVED,S01E004,df456757e747
Son of Sam,unresolved,1,4,Conspiracy Cases,UNSOLVED,S01E004,df456757e747
Son of Sam,unresolved,1,4,Unresolved,UNSOLVED,S01E004,df456757e747
Heirs of Walter Green,unresolved,1,4,Nebraska,UNSOLVED,S01E004,f873fdb94d70
Heirs of Walter Green,unresolved,1,4,1917,UNSOLVED,S01E004,f873fdb94d70
Heirs of Walter Green,unresolved,1,4,1978,UNSOLVED,S01E004,f873fdb94d70
Heirs of Walter Green,unresolved,1,4,Lost Loves,UNSOLVED,S01E004,f873fdb94d70
Heirs of Walter Green,unresolved,1,4,Inheritance,UNSOLVED,S01E004,f873fdb94d70
Heirs of Walter Green,unresolved,1,4,Unresolved,UNSOLVED,S01E004,f873fdb94d70
Harold and Thelma Swain,unresolved,1,4,Georgia,UNSOLVED,S01E004,be4cd4c3a448
Harold and Thelma Swain,unresolved,1,4,1985,UNSOLVED,S01E004,be4cd4c3a448
Harold and Thelma Swain,unresolved,1,4,Murder,UNSOLVED,S01E004,be4cd4c3a448
Harold and Thelma Swain,unresolved,1,4,Armed Robbery,UNSOLVED,S01E004,be4cd4c3a448
Harold and Thelma Swain,unresolved,1,4,Church-Related Cases,UNSOLVED,S01E004,be4cd4c3a448
Harold and Thelma Swain,unresolved,1,4,Unresolved,UNSOLVED,S01E004,be4cd4c3a448
Chevy Chase Bandit,captured,1,4,California,SOLVED,S01E004,2f0bd4c70651
Chevy Chase Bandit,captured,1,4,1988,SOLVED,S01E004,2f0bd4c70651
Chevy Chase Bandit,captured,1,4,Armed Robbery,SOLVED,S01E004,2f0bd4c70651
Chevy Chase Bandit,captured,1,4,Captured,SOLVED,S01E004,2f0bd4c70651
John William Farr,wanted,1,4,Louisiana,UNSOLVED,S01E004,91f6c2ad034a
John William Farr,wanted,1,4,Unknown Year,UNSOLVED,S01E004,91f6c2ad034a
John William Farr,wanted,1,4,Armed Robbery,UNSOLVED,S01E004,91f6c2ad034a
John William Farr,wanted,1,4,Wanted,UNSOLVED,S01E004,91f6c2ad034a
Shotgun Bandit,wantedlinks,1,4,California,UNSOLVED,S01E004,0e2318b7e648
Shotgun Bandit,wantedlinks,1,4,Washington,UNSOLVED,S01E004,0e2318b7e648
Shotgun Bandit,wantedlinks,1,4,Unknown Year,UNSOLVED,S01E004,0e2318b7e648
Shotgun Bandit,wantedlinks,1,4,Armed Robbery,UNSOLVED,S01E004,0e2318b7e648
Shotgun Bandit,wantedlinks,1,4,Wanted,UNSOLVED,S01E004,0e2318b7e648
Shopping Bag Bandits,captured,1,4,California,SOLVED,S01E004,0eacac57ac22
Shopping Bag Bandits,captured,1,4,1988,SOLVED,S01E004,0eacac57ac22
Shopping Bag Bandits,captured,1,4,Armed Robbery,SOLVED,S01E004,0eacac57ac22
Shopping Bag Bandits,captured,1,4,Captured,SOLVED,S01E004,0eacac57ac22
Bob Dozier and John Russell,captured,1,5,California,SOLVED,S01E005,cba88d213c45
Bob Dozier and John Russell,captured,1,5,Pacific Ocean,SOLVED,S01E005,cba88d213c45
Bob Dozier and John Russell,captured,1,5,Nevada,SOLVED,S01E005,cba88d213c45
Bob Dozier and John Russell,captured,1,5,Hawaii,SOLVED,S01E005,cba88d213c45
Bob Dozier and John Russell,captured,1,5,1981,SOLVED,S01E005,cba88d213c45
Bob Dozier and John Russell,captured,1,5,Murder,SOLVED,S01E005,cba88d213c45
Bob Dozier and John Russell,captured,1,5,Disappearances,SOLVED,S01E005,cba88d213c45
Bob Dozier and John Russell,captured,1,5,Fraud,SOLVED,S01E005,cba88d213c45
Bob Dozier and John Russell,captured,1,5,Theft,SOLVED,S01E005,cba88d213c45
Bob Dozier and John Russell,captured,1,5,Bigamy,SOLVED,S01E005,cba88d213c45
Bob Dozier and John Russell,captured,1,5,Sea-Related Cases,SOLVED,S01E005,cba88d213c45
Bob Dozier and John Russell,captured,1,5,Drug-Related Cases,SOLVED,S01E005,cba88d213c45
Bob Dozier and John Russell,captured,1,5,Viewer Solves,SOLVED,S01E005,cba88d213c45
Bob Dozier and John Russell,captured,1,5,Captured,SOLVED,S01E005,cba88d213c45
Kristen Tomlin and Suzanne Russell,unresolved,1,5,California,UNSOLVED,S01E005,a9432ae81f7e
Kristen Tomlin and Suzanne Russell,unresolved,1,5,Pacific Ocean,UNSOLVED,S01E005,a9432ae81f7e
Kristen Tomlin and Suzanne Russell,unresolved,1,5,Nevada,UNSOLVED,S01E005,a9432ae81f7e
Kristen Tomlin and Suzanne Russell,unresolved,1,5,Hawaii,UNSOLVED,S01E005,a9432ae81f7e
Kristen Tomlin and Suzanne Russell,unresolved,1,5,1981,UNSOLVED,S01E005,a9432ae81f7e
Kristen Tomlin and Suzanne Russell,unresolved,1,5,Disappearances,UNSOLVED,S01E005,a9432ae81f7e
Kristen Tomlin and Suzanne Russell,unresolved,1,5,Fraud,UNSOLVED,S01E005,a9432ae81f7e
Kristen Tomlin and Suzanne Russell,unresolved,1,5,Theft,UNSOLVED,S01E005,a9432ae81f7e
Kristen Tomlin and Suzanne Russell,unresolved,1,5,Bigamy,UNSOLVED,S01E005,a9432ae81f7e
Kristen Tomlin and Suzanne Russell,unresolved,1,5,Sea-Related Cases,UNSOLVED,S01E005,a9432ae81f7e
Kristen Tomlin and Suzanne Russell,unresolved,1,5,Drug-Related Cases,UNSOLVED,S01E005,a9432ae81f7e
Kristen Tomlin and Suzanne Russell,unresolved,1,5,Unresolved,UNSOLVED,S01E005,a9432ae81f7e
Rolex Robbers,unresolved,1,5,Texas,UNSOLVED,S01E005,f8d3128158d3
Rolex Robbers,unresolved,1,5,Missouri,UNSOLVED,S01E005,f8d3128158d3
Rolex Robbers,unresolved,1,5,Oklahoma,UNSOLVED,S01E005,f8d3128158d3
Rolex Robbers,unresolved,1,5,California,UNSOLVED,S01E005,f8d3128158d3
Rolex Robbers,unresolved,1,5,Nevada,UNSOLVED,S01E005,f8d3128158d3
Rolex Robbers,unresolved,1,5,1986,UNSOLVED,S01E005,f8d3128158d3
Rolex Robbers,unresolved,1,5,Theft,UNSOLVED,S01E005,f8d3128158d3
Rolex Robbers,unresolved,1,5,Suspicious Deaths,UNSOLVED,S01E005,f8d3128158d3
Rolex Robbers,unresolved,1,5,Drug-Related Cases,UNSOLVED,S01E005,f8d3128158d3
Rolex Robbers,unresolved,1,5,Captured,UNSOLVED,S01E005,f8d3128158d3
Rolex Robbers,unresolved,1,5,Wanted,UNSOLVED,S01E005,f8d3128158d3
Rolex Robbers,unresolved,1,5,Unresolved,UNSOLVED,S01E005,f8d3128158d3
The Father of Janet O'Regan,solved,1,5,England,SOLVED,S01E005,b7b1f66dc6f9
The Father of Janet O'Regan,solved,1,5,1944,SOLVED,S01E005,b7b1f66dc6f9
The Father of Janet O'Regan,solved,1,5,Lost Loves,SOLVED,S01E005,b7b1f66dc6f9
The Father of Janet O'Regan,solved,1,5,Military-Related Cases,SOLVED,S01E005,b7b1f66dc6f9
The Father of Janet O'Regan,solved,1,5,Solved,SOLVED,S01E005,b7b1f66dc6f9
Son of Sam,unresolved,1,5,New York,UNSOLVED,S01E005,df456757e747
Son of Sam,unresolved,1,5,1976,UNSOLVED,S01E005,df456757e747
Son of Sam,unresolved,1,5,1977,UNSOLVED,S01E005,df456757e747
Son of Sam,unresolved,1,5,Serial Killer,UNSOLVED,S01E005,df456757e747
Son of Sam,unresolved,1,5,Murder,UNSOLVED,S01E005,df456757e747
Son of Sam,unresolved,1,5,Attempted Murder,UNSOLVED,S01E005,df456757e747
Son of Sam,unresolved,1,5,Cult-Related Cases,UNSOLVED,S01E005,df456757e747
Son of Sam,unresolved,1,5,Wrongly-Accused Cases,UNSOLVED,S01E005,df456757e747
Son of Sam,unresolved,1,5,Conspiracy Cases,UNSOLVED,S01E005,df456757e747
Son of Sam,unresolved,1,5,Unresolved,UNSOLVED,S01E005,df456757e747
Annie Hearin,unresolved,1,5,Mississippi,UNSOLVED,S01E005,377ffef04cc2
Annie Hearin,unresolved,1,5,1988,UNSOLVED,S01E005,377ffef04cc2
Annie Hearin,unresolved,1,5,Abduction,UNSOLVED,S01E005,377ffef04cc2
Annie Hearin,unresolved,1,5,Disappearances,UNSOLVED,S01E005,377ffef04cc2
Annie Hearin,unresolved,1,5,Missing Spouse Cases,UNSOLVED,S01E005,377ffef04cc2
Annie Hearin,unresolved,1,5,A\u0026E Cases,UNSOLVED,S01E005,377ffef04cc2
Annie Hearin,unresolved,1,5,Van-Related Cases,UNSOLVED,S01E005,377ffef04cc2
Annie Hearin,unresolved,1,5,Unresolved,UNSOLVED,S01E005,377ffef04cc2
Christi Nichols,unsolved,1,6,Nebraska,UNSOLVED,S01E006,c277e9a5608c
Christi Nichols,unsolved,1,6,1987,UNSOLVED,S01E006,c277e9a5608c
Christi Nichols,unsolved,1,6,Disappearances,UNSOLVED,S01E006,c277e9a5608c
Christi Nichols,unsolved,1,6,Missing Spouse Cases,UNSOLVED,S01E006,c277e9a5608c
Christi Nichols,unsolved,1,6,Unsolved,UNSOLVED,S01E006,c277e9a5608c
Gail DeLano,solved,1,6,Maine,SOLVED,S01E006,27d4a82e1152
Gail DeLano,solved,1,6,1986,SOLVED,S01E006,27d4a82e1152
Gail DeLano,solved,1,6,Disappearances,SOLVED,S01E006,27d4a82e1152
Gail DeLano,solved,1,6,Restaurant-Related Cases,SOLVED,S01E006,27d4a82e1152
Gail DeLano,solved,1,6,Radio-Related Cases,SOLVED,S01E006,27d4a82e1152
Gail DeLano,solved,1,6,Toyota-Related Cases,SOLVED,S01E006,27d4a82e1152
Gail DeLano,solved,1,6,Solved,SOLVED,S01E006,27d4a82e1152
Mark Adams,captured,1,6,California,SOLVED,S01E006,0b7608fa8864
Mark Adams,captured,1,6,1979,SOLVED,S01E006,0b7608fa8864
Mark Adams,captured,1,6,1986,SOLVED,S01E006,0b7608fa8864
Mark Adams,captured,1,6,Murder,SOLVED,S01E006,0b7608fa8864
Mark Adams,captured,1,6,Armed Robbery,SOLVED,S01E006,0b7608fa8864
Mark Adams,captured,1,6,Escape,SOLVED,S01E006,0b7608fa8864
Mark Adams,captured,1,6,AMW Cases,SOLVED,S01E006,0b7608fa8864
Mark Adams,captured,1,6,Captured,SOLVED,S01E006,0b7608fa8864
Steven Cox,captured,1,6,Oregon,SOLVED,S01E006,23e6601ca7ae
Steven Cox,captured,1,6,1984,SOLVED,S01E006,23e6601ca7ae
Steven Cox,captured,1,6,Fraud,SOLVED,S01E006,23e6601ca7ae
Steven Cox,captured,1,6,Embezzlement,SOLVED,S01E006,23e6601ca7ae
Steven Cox,captured,1,6,Restaurant-Related Cases,SOLVED,S01E006,23e6601ca7ae
Steven Cox,captured,1,6,Captured,SOLVED,S01E006,23e6601ca7ae
Barbara Jean Horn,unresolved,1,6,Pennsylvania,UNSOLVED,S01E006,ff9cbb38e6b6
Barbara Jean Horn,unresolved,1,6,1988,UNSOLVED,S01E006,ff9cbb38e6b6
Barbara Jean Horn,unresolved,1,6,Murder,UNSOLVED,S01E006,ff9cbb38e6b6
Barbara Jean Horn,unresolved,1,6,Abduction,UNSOLVED,S01E006,ff9cbb38e6b6
Barbara Jean Horn,unresolved,1,6,Child Molestation,UNSOLVED,S01E006,ff9cbb38e6b6
Barbara Jean Horn,unresolved,1,6,Unresolved,UNSOLVED,S01E006,ff9cbb38e6b6
Kurt Sova,unsolved,1,7,Ohio,UNSOLVED,S01E007,6d873b99bc65
Kurt Sova,unsolved,1,7,1981,UNSOLVED,S01E007,6d873b99bc65
Kurt Sova,unsolved,1,7,Murder,UNSOLVED,S01E007,6d873b99bc65
Kurt Sova,unsolved,1,7,Suspicious Deaths,UNSOLVED,S01E007,6d873b99bc65
Kurt Sova,unsolved,1,7,Disappearances,UNSOLVED,S01E007,6d873b99bc65
Kurt Sova,unsolved,1,7,Party-Related Cases,UNSOLVED,S01E007,6d873b99bc65
Kurt Sova,unsolved,1,7,Unsolved,UNSOLVED,S01E007,6d873b99bc65
Eugene Kvet,unsolvedlinks,1,7,Ohio,UNSOLVED,S01E007,48caf30ec314
Eugene Kvet,unsolvedlinks,1,7,1982,UNSOLVED,S01E007,48caf30ec314
Eugene Kvet,unsolvedlinks,1,7,Suspicious Deaths,UNSOLVED,S01E007,48caf30ec314
Eugene Kvet,unsolvedlinks,1,7,Murder,UNSOLVED,S01E007,48caf30ec314
Eugene Kvet,unsolvedlinks,1,7,Disappearances,UNSOLVED,S01E007,48caf30ec314
Eugene Kvet,unsolvedlinks,1,7,Unsolved,UNSOLVED,S01E007,48caf30ec314
Shopping Bag Bandits,captured,1,7,California,SOLVED,S01E007,0eacac57ac22
Shopping Bag Bandits,captured,1,7,1988,SOLVED,S01E007,0eacac57ac22
Shopping Bag Bandits,captured,1,7,Armed Robbery,SOLVED,S01E007,0eacac57ac22
Shopping Bag Bandits,captured,1,7,Captured,SOLVED,S01E007,0eacac57ac22
Bob Dozier and John Russell,captured,1,7,California,SOLVED,S01E007,cba88d213c45
Bob Dozier and John Russell,captured,1,7,Pacific Ocean,SOLVED,S01E007,cba88d213c45
Bob Dozier and John Russell,captured,1,7,Nevada,SOLVED,S01E007,cba88d213c45
Bob Dozier and John Russell,captured,1,7,Hawaii,SOLVED,S01E007,cba88d213c45
Bob Dozier and John Russell,captured,1,7,1981,SOLVED,S01E007,cba88d213c45
Bob Dozier and John Russell,captured,1,7,Murder,SOLVED,S01E007,cba88d213c45
Bob Dozier and John Russell,captured,1,7,Disappearances,SOLVED,S01E007,cba88d213c45
Bob Dozier and John Russell,captured,1,7,Fraud,SOLVED,S01E007,cba88d213c45
Bob Dozier and John Russell,captured,1,7,Theft,SOLVED,S01E007,cba88d213c45
Bob Dozier and John Russell,captured,1,7,Bigamy,SOLVED,S01E007,cba88d213c45
Bob Dozier and John Russell,captured,1,7,Sea-Related Cases,SOLVED,S01E007,cba88d213c45
Bob Dozier and John Russell,captured,1,7,Drug-Related Cases,SOLVED,S01E007,cba88d213c45
Bob Dozier and John Russell,captured,1,7,Viewer Solves,SOLVED,S01E007,cba88d213c45
Bob Dozier and John Russell,captured,1,7,Captured,SOLVED,S01E007,cba88d213c45
Lancaster Extortion Writer,unresolved,1,7,California,UNSOLVED,S01E007,1827ef3eb3db
Lancaster Extortion Writer,unresolved,1,7,1988,UNSOLVED,S01E007,1827ef3eb3db
Lancaster Extortion Writer,unresolved,1,7,Extortion,UNSOLVED,S01E007,1827ef3eb3db
Lancaster Extortion Writer,unresolved,1,7,Harassment,UNSOLVED,S01E007,1827ef3eb3db
Lancaster Extortion Writer,unresolved,1,7,Unresolved,UNSOLVED,S01E007,1827ef3eb3db
Father Reynaldo Rivera,unsolved,1,7,New Mexico,UNSOLVED,S01E007,aa68d2f670fb
Father Reynaldo Rivera,unsolved,1,7,1982,UNSOLVED,S01E007,aa68d2f670fb
Father Reynaldo Rivera,unsolved,1,7,Murder,UNSOLVED,S01E007,aa68d2f670fb
Father Reynaldo Rivera,unsolved,1,7,Abduction,UNSOLVED,S01E007,aa68d2f670fb
Father Reynaldo Rivera,unsolved,1,7,Disappearances,UNSOLVED,S01E007,aa68d2f670fb
Father Reynaldo Rivera,unsolved,1,7,Church-Related Cases,UNSOLVED,S01E007,aa68d2f670fb
Father Reynaldo Rivera,unsolved,1,7,Road-Related Cases,UNSOLVED,S01E007,aa68d2f670fb
Father Reynaldo Rivera,unsolved,1,7,Unsolved,UNSOLVED,S01E007,aa68d2f670fb
Father John Kerrigan,unsolved,1,7,Montana,UNSOLVED,S01E007,ea2f790fca02
Father John Kerrigan,unsolved,1,7,1984,UNSOLVED,S01E007,ea2f790fca02
Father John Kerrigan,unsolved,1,7,Disappearances,UNSOLVED,S01E007,ea2f790fca02
Father John Kerrigan,unsolved,1,7,Abduction,UNSOLVED,S01E007,ea2f790fca02
Father John Kerrigan,unsolved,1,7,Church-Related Cases,UNSOLVED,S01E007,ea2f790fca02
Father John Kerrigan,unsolved,1,7,Unsolved,UNSOLVED,S01E007,ea2f790fca02
Mystery Rock,unsolvedlinks,1,7,Washington,UNSOLVED,S01E007,760ab3cbf5bc
Mystery Rock,unsolvedlinks,1,7,1988,UNSOLVED,S01E007,760ab3cbf5bc
Mystery Rock,unsolvedlinks,1,7,Unusual Phenomenon Cases,UNSOLVED,S01E007,760ab3cbf5bc
Mystery Rock,unsolvedlinks,1,7,Unsolved,UNSOLVED,S01E007,760ab3cbf5bc
Ann Sigmin and Garey Goff,unresolved,1,8,Arkansas,UNSOLVED,S01E008,6899725ad6fd
Ann Sigmin and Garey Goff,unresolved,1,8,Missouri,UNSOLVED,S01E008,6899725ad6fd
Ann Sigmin and Garey Goff,unresolved,1,8,1986,UNSOLVED,S01E008,6899725ad6fd
Ann Sigmin and Garey Goff,unresolved,1,8,Murder,UNSOLVED,S01E008,6899725ad6fd
Ann Sigmin and Garey Goff,unresolved,1,8,Suspicious Deaths,UNSOLVED,S01E008,6899725ad6fd
Ann Sigmin and Garey Goff,unresolved,1,8,Cult-Related Cases,UNSOLVED,S01E008,6899725ad6fd
Ann Sigmin and Garey Goff,unresolved,1,8,Unresolved,UNSOLVED,S01E008,6899725ad6fd
Ann Sigmin and Garey Goff,unresolved,1,8,Wanted,UNSOLVED,S01E008,6899725ad6fd
Ann Sigmin and Garey Goff,unresolved,1,8,Captured,UNSOLVED,S01E008,6899725ad6fd
Don Henry and Kevin Ives,unresolved,1,8,Arkansas,UNSOLVED,S01E008,b6d4272b3bc3
Don Henry and Kevin Ives,unresolved,1,8,1987,UNSOLVED,S01E008,b6d4272b3bc3
Don Henry and Kevin Ives,unresolved,1,8,Murder,UNSOLVED,S01E008,b6d4272b3bc3
Don Henry and Kevin Ives,unresolved,1,8,Suspicious Deaths,UNSOLVED,S01E008,b6d4272b3bc3
Don Henry and Kevin Ives,unresolved,1,8,Conspiracy Cases,UNSOLVED,S01E008,b6d4272b3bc3
Don Henry and Kevin Ives,unresolved,1,8,Drug-Related Cases,UNSOLVED,S01E008,b6d4272b3bc3
Don Henry and Kevin Ives,unresolved,1,8,Railroad-Related Cases,UNSOLVED,S01E008,b6d4272b3bc3
Don Henry and Kevin Ives,unresolved,1,8,Military-Related Cases,UNSOLVED,S01E008,b6d4272b3bc3
Don Henry and Kevin Ives,unresolved,1,8,Train-Related Cases,UNSOLVED,S01E008,b6d4272b3bc3
Don Henry and Kevin Ives,unresolved,1,8,Unresolved,UNSOLVED,S01E008,b6d4272b3bc3
Steven Cox,captured,1,8,Oregon,SOLVED,S01E008,23e6601ca7ae
Steven Cox,captured,1,8,1984,SOLVED,S01E008,23e6601ca7ae
Steven Cox,captured,1,8,Fraud,SOLVED,S01E008,23e6601ca7ae
Steven Cox,captured,1,8,Embezzlement,SOLVED,S01E008,23e6601ca7ae
Steven Cox,captured,1,8,Restaurant-Related Cases,SOLVED,S01E008,23e6601ca7ae
Steven Cox,captured,1,8,Captured,SOLVED,S01E008,23e6601ca7ae
Robert Matthews,unsolvedlinks,1,8,Massachusetts,UNSOLVED,S01E008,b0625ab729e6
Robert Matthews,unsolvedlinks,1,8,1966,UNSOLVED,S01E008,b0625ab729e6
Robert Matthews,unsolvedlinks,1,8,UFOs,UNSOLVED,S01E008,b0625ab729e6
Robert Matthews,unsolvedlinks,1,8,Abduction,UNSOLVED,S01E008,b0625ab729e6
Robert Matthews,unsolvedlinks,1,8,Amnesia,UNSOLVED,S01E008,b0625ab729e6
Robert Matthews,unsolvedlinks,1,8,Unusual Phenomenon Cases,UNSOLVED,S01E008,b0625ab729e6
Robert Matthews,unsolvedlinks,1,8,Military-Related Cases,UNSOLVED,S01E008,b0625ab729e6
Robert Matthews,unsolvedlinks,1,8,Unsolved,UNSOLVED,S01E008,b0625ab729e6
Kristina Florence,unsolvedlinks,1,8,California,UNSOLVED,S01E008,e99297f74b7c
Kristina Florence,unsolvedlinks,1,8,1974,UNSOLVED,S01E008,e99297f74b7c
Kristina Florence,unsolvedlinks,1,8,UFOs,UNSOLVED,S01E008,e99297f74b7c
Kristina Florence,unsolvedlinks,1,8,Abduction,UNSOLVED,S01E008,e99297f74b7c
Kristina Florence,unsolvedlinks,1,8,Amnesia,UNSOLVED,S01E008,e99297f74b7c
Kristina Florence,unsolvedlinks,1,8,Unusual Phenomenon Cases,UNSOLVED,S01E008,e99297f74b7c
Kristina Florence,unsolvedlinks,1,8,Unsolved,UNSOLVED,S01E008,e99297f74b7c
Rogest Cain,unsolved,1,8,California,UNSOLVED,S01E008,b61db92b1b01
Rogest Cain,unsolved,1,8,1986,UNSOLVED,S01E008,b61db92b1b01
Rogest Cain,unsolved,1,8,Disappearances,UNSOLVED,S01E008,b61db92b1b01
Rogest Cain,unsolved,1,8,Amnesia,UNSOLVED,S01E008,b61db92b1b01
Rogest Cain,unsolved,1,8,Lost Identity Cases,UNSOLVED,S01E008,b61db92b1b01
Rogest Cain,unsolved,1,8,Lost Loves,UNSOLVED,S01E008,b61db92b1b01
Rogest Cain,unsolved,1,8,Medical-Related Cases,UNSOLVED,S01E008,b61db92b1b01
Rogest Cain,unsolved,1,8,Unsolved,UNSOLVED,S01E008,b61db92b1b01
Jenny Pratt,unsolved,1,9,California,UNSOLVED,S01E009,c03ce8a2867f
Jenny Pratt,unsolved,1,9,1987,UNSOLVED,S01E009,c03ce8a2867f
Jenny Pratt,unsolved,1,9,Attempted Murder,UNSOLVED,S01E009,c03ce8a2867f
Jenny Pratt,unsolved,1,9,Amnesia,UNSOLVED,S01E009,c03ce8a2867f
Jenny Pratt,unsolved,1,9,Drug-Related Cases,UNSOLVED,S01E009,c03ce8a2867f
Jenny Pratt,unsolved,1,9,Medical-Related Cases,UNSOLVED,S01E009,c03ce8a2867f
Jenny Pratt,unsolved,1,9,Motorcycle-Related Cases,UNSOLVED,S01E009,c03ce8a2867f
Jenny Pratt,unsolved,1,9,Unsolved,UNSOLVED,S01E009,c03ce8a2867f
Joe Shepherd,captured,1,9,Tennessee,SOLVED,S01E009,47ad9cd07b2c
Joe Shepherd,captured,1,9,1976,SOLVED,S01E009,47ad9cd07b2c
Joe Shepherd,captured,1,9,1978,SOLVED,S01E009,47ad9cd07b2c
Joe Shepherd,captured,1,9,Murder,SOLVED,S01E009,47ad9cd07b2c
Joe Shepherd,captured,1,9,Escape,SOLVED,S01E009,47ad9cd07b2c
Joe Shepherd,captured,1,9,Disappearances,SOLVED,S01E009,47ad9cd07b2c
Joe Shepherd,captured,1,9,Captured,SOLVED,S01E009,47ad9cd07b2c
Jack Quinn,wanted,1,9,Florida,UNSOLVED,S01E009,5c87b5c8468a
Jack Quinn,wanted,1,9,1988,UNSOLVED,S01E009,5c87b5c8468a
Jack Quinn,wanted,1,9,Theft,UNSOLVED,S01E009,5c87b5c8468a
Jack Quinn,wanted,1,9,Embezzlement,UNSOLVED,S01E009,5c87b5c8468a
Jack Quinn,wanted,1,9,Wanted,UNSOLVED,S01E009,5c87b5c8468a
Clarence and Geneva Roberts,unresolved,1,9,Indiana,UNSOLVED,S01E009,3499eaadd430
Clarence and Geneva Roberts,unresolved,1,9,1970,UNSOLVED,S01E009,3499eaadd430
Clarence and Geneva Roberts,unresolved,1,9,1980,UNSOLVED,S01E009,3499eaadd430
Clarence and Geneva Roberts,unresolved,1,9,Murder,UNSOLVED,S01E009,3499eaadd430
Clarence and Geneva Roberts,unresolved,1,9,Suspicious Deaths,UNSOLVED,S01E009,3499eaadd430
Clarence and Geneva Roberts,unresolved,1,9,Disappearances,UNSOLVED,S01E009,3499eaadd430
Clarence and Geneva Roberts,unresolved,1,9,Arson,UNSOLVED,S01E009,3499eaadd430
Clarence and Geneva Roberts,unresolved,1,9,Fraud,UNSOLVED,S01E009,3499eaadd430
Clarence and Geneva Roberts,unresolved,1,9,Fire-Related Cases,UNSOLVED,S01E009,3499eaadd430
Clarence and Geneva Roberts,unresolved,1,9,Lost Identity Cases,UNSOLVED,S01E009,3499eaadd430
Clarence and Geneva Roberts,unresolved,1,9,Unresolved,UNSOLVED,S01E009,3499eaadd430
Bruno and Bobo,unresolved,1,9,California,UNSOLVED,S01E009,7e3ed1397462
Bruno and Bobo,unresolved,1,9,1988,UNSOLVED,S01E009,7e3ed1397462
Bruno and Bobo,unresolved,1,9,Murder,UNSOLVED,S01E009,7e3ed1397462
Bruno and Bobo,unresolved,1,9,Animal Cruelty Cases,UNSOLVED,S01E009,7e3ed1397462
Bruno and Bobo,unresolved,1,9,Sea-Related Cases,UNSOLVED,S01E009,7e3ed1397462
Bruno and Bobo,unresolved,1,9,Unresolved,UNSOLVED,S01E009,7e3ed1397462
