seg_name,s_num,ep_num,seg_casetype
1987 Jane Doe,7,220,mystery
1987 Jane Doe body found off a cliff,7,211,mystery
1990 Jane Doe hit by a car,7,211,mystery
A capture of a federal fugitive,8,250,wanted
A missing persons case from 1995 (possibly Amal and Wafa Abdallah),9,267,lost
A viewer tip that led a Miami woman to the son she hadn't seen for 23 years (possibly Patrick Ackles),8,240,lost
A woman trying to locate her mother and siblings,8,241,lost
A.J. Breaux,5,137,lost
A.J. Breaux,5,154,lost
Acton Campground,8,250,legend
Adam Emery,7,201,wanted
Adam Hecht,3,64,lost
Adam's Treasure,3,75,legend
Adam's Treasure,4,110,legend
Agatha Christie,7,204,mystery
Agustin Mendoza,9,258,wanted
Aimee Willard,9,276,murder
Alamo Treasure,7,215,legend
Alamo Treasure,7,216,legend
Alan Golder,11,290,wanted
Alan Golder,12,303,wanted
Alan Verl Sneed,7,201,wanted
Albert DeSalvo,13,362,mystery
Albert DeSalvo aka The Boston Strangler,6,194,mystery
Albert Leon Fletcher,8,240,wanted
Albert Leon Fletcher,9,256,wanted
Alejandro Espinosa,2,50,lost
Alene Courchesne,5,145,murder
Alene Courchesne,5,161,murder
Alene Courchesne,13,386,murder
Alex Cooper,4,94,lost
Alex Cooper,4,116,lost
Alex Kelly,9,265,mystery
Alexander (Savior of Siegfried Laier),7,200,lost
Alexander Olive,5,142,lost
Alexander Olive,5,160,lost
Alicia Showalter Reynolds,9,261,murder
Alie Berrelez,8,231,murder
Allie Ingrid Trigg,8,231,wanted
Alvaro Zapata,2,35,wanted
Amadeo Marcelo,8,230,lost
Amadeo Marcelo,8,231,lost
Amazon Women,9,277,legend
"Amber Swartz, Ilene Misheloff, Nikki Campbell, Michaela Garecht",13,351,lost
Amelia Earhart,3,67,legend
Amelia Earhart,3,77,legend
Amelia Earhart,4,118,mystery
Amtrak Derailment,8,251,murder
Amy Billig,6,181,lost
Amy Bradley,11,290,lost
Amy Bradley,12,298,lost
Amy Wroe Bechtel,11,289,lost
Amy Wroe Bechtel,12,297,lost
An Iowa woman's success in locating two of her three siblings,8,243,lost
An adoptee's search for three siblings (possibly The Siblings of Jeff Linn),8,240,lost
An update on a family's reunion,8,241,lost
Andolina Gonzalez,6,167,wanted
Andolina Gonzalez,7,219,wanted
Andre Jones,6,182,mystery
Andre Wilson,9,255,wanted
Andre Wilson,9,271,wanted
Andy Cook,9,264,wanted
Andy Cook,9,268,wanted
Angela Bugay,13,351,murder
Angela Cummings,3,86,murder
Angela Hammond,4,111,lost
Angeline Dewey,4,114,lost
Angelo Desideri,1,14,lost
Angelo Desideri,1,23,lost
Angels Janie Halliday/Estela Vera,6,195,legend
Anita Green,6,188,murder
Ann Corricelli and Lena Marie Wilson,2,36,wanted
Ann Corricelli and Lena Marie Wilson,2,42,wanted
Ann Kibalo,13,358,wanted
Ann Sigmin and Garey Goff,1,8,wanted
Ann Sigmin and Garey Goff,2,44,wanted
Anna Anderson,6,167,legend
Anna Anderson,6,177,mystery
Annie Currie,4,106,lost
Annie Hearin,1,5,lost
Annie Hearin,1,20,lost
Anthonette Cayedito,5,144,lost
Anthrax Killer,13,356,wanted
Antonio Castro,8,228,wanted
Antonio Moses,8,246,wanted
Antonio Moses,8,248,wanted
Antranik Geuvjehizian,8,231,murder
April Gregory,9,255,lost
April Gregory,12,341,lost
Armando Garcia,6,179,wanted
Arnold Archambeau and Ruby Bruguier,7,220,mystery
Art Silva,4,94,wanted
Art Silva,4,95,wanted
Arthur Frankford,1,11,wanted
Arthur Frankford,1,14,wanted
Arthur Jones,4,101,lost
Arthur Jones,4,120,lost
Arthur Lloyd,5,159,lost
Arthur Lopez Jr.,12,318,wanted
Arthur Washington Jr.,3,75,wanted
Astarte Davis,3,84,wanted
Atlanta/Spokane Bomber,9,278,wanted
Attacker of Debbie,3,71,wanted
Audrey Moate,1,19,lost
Audrey Santo,11,287,mystery
Avery James Norris,2,31,lost
Avery Norris,2,40,lost
Avery Norris,2,56,lost
Barbara Jean Horn,1,6,murder
Barbara Jean Horn,1,26,murder
Baron 52,4,97,lost
Baron 52,4,115,lost
Bashir Kouchacji,5,151,mystery
Beaty Castle,4,113,legend
Beaty Castle,4,124,legend
Becky Terry,5,140,lost
Becky Terry,5,141,lost
Becky Terry,5,159,lost
Bee Sting Healing,9,265,mystery
Belgium UFO,4,104,legend
Belgium UFO,4,125,legend
Benny Franklin Miller,6,185,wanted
Bermuda Triangle,3,61,legend
Bermuda Triangle,3,92,legend
Bernie and Calvin Seaton,5,156,lost
Betty Cash and Vickie Landrum,3,78,mystery
Betty Field,4,123,wanted
Betty Landers,7,201,mystery
Beverly McGowan,4,103,murder
Beverly McGowan,4,123,murder
Bigfoot in Colorado,1,16,legend
Bigfoot in the Northwest,6,195,legend
Bike Path Rapist,8,243,wanted
Bill Henderson,4,124,murder
Bill Henderson,4,127,murder
Bill Roberts,5,146,wanted
Bill Roberts,5,158,wanted
Bill and Cynthia Zelinski,2,37,lost
Bill and Cynthia Zelinski,2,46,lost
Bill and Dorothy Wacker,6,195,mystery
Bill and Dorothy Wacker,12,341,mystery
Billie and Joey Rogers,2,32,lost
Billie and Joey Rogers,2,34,lost
Billie and Joey Rogers,2,37,lost
Billie and Joey Rogers,2,48,lost
Billy Ray Sisson,9,269,wanted
Blair Adams,9,274,mystery
Blas Canedo,2,55,wanted
Blind River Killer,5,153,wanted
Blinking Crucifix,2,30,mystery
Blinking Crucifix,2,43,legend
Bo Tanner,4,105,wanted
Bob Dozier and John Russell,1,5,wanted
Bob Dozier and John Russell,1,7,wanted
Bobbi Parker,7,217,lost
Bobbi Parker,13,389,lost
Bobbie Oberholtzer and Annette Schnee,3,86,murder
Bobby Fuller,9,257,murder
Bobby Fuller,13,377,mystery
Bonnie Craig,13,389,murder
Bonnie Haim,8,237,lost
Bonnie Wilder,2,33,wanted
Boo / Oscar / Ringo,9,264,mystery
Boston Rapist,2,55,wanted
Brad Bishop,3,75,wanted
Brad Bishop,13,385,wanted
Brandon Fagan,3,83,lost
Brandon Fagan,3,84,lost
Brandon Fagan,3,92,lost
Brandon Lee,8,228,mystery
Brayman Road Attacker,2,44,wanted
Brazos River Attackers,8,229,wanted
Brazos River Attackers,8,230,wanted
Breanna Smith and Ryan Heath,7,224,lost
Brenda Penniger and Nadine Castelle,6,166,wanted
Brian Brophil,5,163,wanted
Brian Brophil,6,184,wanted
Brian Foguth,8,236,murder
Brook Baker,11,287,murder
Bruce Bradney,6,183,lost
Bruce Kelly,6,165,mystery
Bruce Kelly,6,176,mystery
Bruce Kelly,13,350,mystery
Bruce and Rosa,9,256,lost
Bruno and Bobo,1,9,murder
Brushy Bill Roberts aka Billy the Kid,1,18,mystery
Bryan Nisenfeld,12,295,murder
Bugsy Siegel,11,287,murder
Burrowing Burglars,1,17,wanted
Butch Cassidy,3,79,legend
Butcher Of Kingsbury Run,4,102,mystery
Cachimba,6,165,wanted
Cachimba,6,177,wanted
Caddy in Western Canada,8,235,legend
Cam Lyman,11,292,murder
Canada Crop Circles,13,374,legend
Cancer Dogs,9,267,mystery
Candice and Sharina Berry,8,252,lost
Candice and Sharina Berry,9,259,lost
Candice and Sharina Berry,9,274,lost
Candy Belt and Gloria Ross,10,281,murder
Candy and Roxy,9,272,mystery
Candy and Roxy,12,328,mystery
Carl Alfred Eder,1,15,wanted
Carl And Mary Dennie,9,255,wanted
Carl McWilliams,12,313,wanted
Carl and Mary Dennie,8,233,wanted
Carl and Mary Dennie,8,242,wanted
Carla Wright,2,39,murder
Carlos Alvarez,2,33,lost
Carlos Berdeja,12,331,wanted
Carlos Garcia,7,218,wanted
Carmen Charneco,9,269,murder
"Carolyn Hebert, Elaine Emmi and Linda Babb",6,188,mystery
Carolyn Hebert/Elaine Emmi/Linda Babb,12,324,mystery
Carolyn Reynolds,13,388,mystery
Carolyn Reynolds links astrological charts to serial killers.,9,275,mystery
Carson Prince,13,383,murder
Catherine and James Durkin,3,68,wanted
Cathy Ferner,5,140,lost
Cawood Burglary,9,257,mystery
Ceara O'Connell,9,269,lost
Cecelia Ortega,6,188,wanted
Cecilia Newball and Rene Perez Jr.,7,221,lost
Chad Langford,5,152,mystery
Chad Maurer,4,107,mystery
Chad Maurer,13,350,murder
Chaim Weiss,4,122,murder
Chaim Weiss,13,364,murder
Chair of Death,10,285,legend
Chance Wackerhagen,7,214,lost
Chandra Levy and Joyce Chiang,13,348,lost
Chansami and Abby Thammavong,11,289,murder
Charlene Richard,11,292,mystery
Charles Horvath,6,179,lost
Charles Morgan,2,47,murder
Charles Mule,1,18,wanted
Charles Mule,2,29,wanted
Charles Nungesser and Francois Coli,1,23,legend
Charles Shelton,5,138,lost
Charles Southern Jr.,8,231,lost
Charles Warren Boomer,4,124,wanted
Charles Warren Boomer,5,134,wanted
Charles Warren Boomer,5,146,wanted
Charles Warren Boomer (a.k.a) The Satchel Bandit,4,113,wanted
Charles Wickman,1,20,wanted
Charles Wickman,2,35,wanted
Charles Wilson Chester,2,38,wanted
Charles and Christopher Smith,3,80,lost
Charlie Anderson,6,195,murder
Charlotte Pollis,8,248,lost
Chase Bowman,9,276,mystery
Cheryl Holland,4,114,wanted
Cheryl Holland,4,123,wanted
Cheryl Kenney,4,111,lost
Chevy Chase Bandit,1,4,wanted
Chevy Chase Bandit,2,34,wanted
Christene and Nick Skubish,9,269,lost
Christi Nichols,1,6,lost
Christian Karl Gerhartsreiter,7,210,wanted
Christina Smith,2,57,mystery
Christine Mirzayan,13,348,murder
Christophe Day,4,123,lost
Christopher Griffin,6,174,wanted
Christopher Kurowski,6,168,lost
Christopher Kurowski,6,180,lost
Christopher Kurowski,9,265,lost
Chrystal Didonato and Jessica Abraham,10,282,lost
Chuck Smith,3,80,wanted
Chucky McGivern,5,144,mystery
Chupacabras,8,249,legend
Chupacabras,13,370,legend
Church Arsonist,4,105,wanted
Cindy James,3,79,mystery
Cindy Song,13,394,lost
Cindy Wismiller,12,343,lost
Circleville Writer,7,204,mystery
Clarence and Geneva Roberts,1,9,mystery
Claudia Kirschhoch,12,329,lost
Clay Taylor,3,61,wanted
Clayton Waagner,12,320,wanted
Clifford Sherwood and George Gumbly,13,388,lost
Clifford Sherwood/George Gumbly,5,133,lost
Cogni-tech,7,222,mystery
Cokeville Elementary School Explosion,9,263,mystery
Colleen Reed,4,121,lost
Colleen Wood,13,376,lost
Comet/Earth Collision,9,268,mystery
Connecticut River Valley Killer,4,96,wanted
Connecticut River Valley Killer,4,110,wanted
Connie Jean Helton,9,264,wanted
Connie Jo Hamilton,5,140,lost
Connie Jo Hamilton,5,149,lost
Conradina Olson,3,73,lost
Coral Polge,3,70,mystery
Corrine Gustavson,6,174,murder
Cowboy Bandit,3,68,wanted
Cozette Hansen,5,140,lost
Craig Pritchert and Nova Guthrie,12,302,wanted
Craig Walker,12,303,wanted
Craig Williamson,6,195,lost
Craig Williamson,8,232,lost
Craig Williamson,8,238,lost
Crash and Dash Robberies,2,37,wanted
Crash and Dash Robberies,2,57,wanted
Crazy Glue Bandit,1,16,wanted
Crystal Spencer,3,82,mystery
Curtis Pishon,12,342,lost
Curtis Watson,1,21,wanted
Cynthia Anderson,2,42,lost
Cynthia Armistead/Jayne Hitchcock,9,276,mystery
Cyril Wecht,7,209,mystery
D.B. Cooper,1,2,mystery
Dale Hyde,2,50,wanted
Dale Hyde,2,57,wanted
Dale Hyde,4,113,wanted
Dale Kerstetter,2,33,lost
Dale Williams,13,392,lost
Daly City Man,6,178,mystery
Damien Corrente,13,388,murder
Dan Short,2,51,murder
Dan Tondevold,4,106,mystery
Dan Wilson,3,62,lost
Dan Wilson,3,83,lost
Dana Satterfield,9,278,murder
Dannion Brinkley,7,202,mystery
Danny Casolaro,5,153,mystery
Danny Marino,6,175,wanted
Danny Marino,6,186,wanted
Danny Marino/Al Tom and Ricky Nelson,6,174,wanted
Danny Piñeda,6,179,wanted
Danny Williams,6,166,mystery
Danny and Kathy Freeman,12,294,murder
Daphne Boyden,9,262,murder
Daphne Boyden,13,383,murder
Darlene Messer,4,101,murder
Darlene and Davida Ebmeier,4,115,lost
Darlie Routier,12,325,mystery
Dave Bocks,6,186,mystery
Davey Estright,7,222,lost
David Alex Alvarez,9,268,wanted
David Borer,2,45,lost
David Brian Williams,6,174,wanted
David Chase,9,259,murder
David Coleman,9,257,wanted
David Coleman,9,259,wanted
David Cox,8,246,murder
David Cox,8,253,murder
David Davis,1,13,wanted
David Davis,2,48,wanted
David Estright,7,222,wanted
David Fisher,2,39,wanted
David Fisher,2,51,wanted
David Fisher,7,217,wanted
David Freeman,8,252,wanted
David Freeman,9,257,wanted
David Gause,8,234,wanted
David Gause,9,278,wanted
David Gordon Smith,5,133,wanted
David Gordon Smith,5,160,wanted
David Hurley,5,156,murder
David Ivey,7,222,wanted
David Ivey,8,231,wanted
David Kemp,13,364,wanted
David MacLeod,6,171,wanted
David MacLeod,6,185,wanted
David Merrifield,8,233,murder
David Merrifield,8,242,murder
David Morehouse,9,271,mystery
David O'Neil,4,97,wanted
David Rhodes,1,24,wanted
David Rhodes,1,27,wanted
David Shipenburg,12,326,lost
David Shublak,9,277,mystery
David Stone,3,66,lost
David Thies,2,33,lost
David Thompson,9,276,wanted
David Tyll and Brian Ognjan,2,33,lost
David Viera,6,190,wanted
David Viera,6,191,wanted
David Viera,6,195,wanted
David Viera,13,385,wanted
DeFallah Al-Salem,6,178,wanted
Debbie Wolfe,3,73,mystery
Deborah Poe,4,101,lost
Debra and Diana Cordova,12,315,lost
Dede Rosenthal,5,158,lost
Dee Klepper and Gus Ortega,12,301,mystery
Dennis DePue,3,82,wanted
Dennis DePue,3,83,wanted
Dennis DePue,3,85,wanted
Dennis Keith Smith,9,266,wanted
Dennis Kevin Smith,9,274,wanted
Dennis Walker,1,2,mystery
Derek Leonard Reynolds,6,174,wanted
"Deroy King, Jr",6,190,wanted
Desiree Lingo-Perkins,12,313,wanted
Devin Williams,8,244,lost
Devon and Damon Routier,12,325,murder
Dewey Demetro and Leo Johnson Jr.,2,54,wanted
Dexter Stefonek,1,21,murder
Dian Harlin,6,189,murder
Diana Braungardt,2,33,lost
Diane Robertson/Stephen Harkins and Ruth Cooper,1,27,murder
Diane Shawcroft and Jennifer Lueth,13,387,murder
Diane Washer,12,322,lost
Dick Hansen,6,184,murder
Dimitric Moore,9,277,murder
Dolly the Sheep,9,271,mystery
Dolores Ford,5,150,lost
Dolores Stradt,4,121,lost
Dolores Stradt,4,129,lost
Don Davis Jr.,9,275,wanted
Don Davis Jr.,12,347,wanted
Don Decker,5,150,mystery
Don Hamilton,2,36,mystery
Don Henry and Kevin Ives,1,2,mystery
Don Henry and Kevin Ives,1,8,murder
Donald Alexander,6,171,wanted
Donald Alexander,6,185,wanted
Donald Eugene Webb,2,40,wanted
Donald M. and Louis G. Keith,2,55,mystery
Donald Smith,1,18,murder
"Donna Baldeo, Jailall Lewis, and Bunnie Terry",13,380,murder
Donna Branion,2,41,murder
Donna Callahan,4,101,lost
Donna Kempton,8,237,lost
Donna Moses Brown,10,283,lost
Donna Moses Brown,12,331,lost
Donna Moses Brown,12,340,lost
Doreen Marfeo,6,173,lost
Doris Duke,8,249,mystery
Dorothea Irwin,3,77,murder
Dorothy Barnett,8,228,wanted
Dorothy Donovan,7,223,murder
Dorothy Johnson,6,174,lost
Dorothy Johnson,6,181,lost
Doug Johnston,4,122,murder
Doug Johnston,4,127,murder
Doug Raskin,7,212,mystery
Douglas Alan Costa,2,35,wanted
Doyle Wheeler,2,35,mystery
Dr. Arvind Sinha,6,188,wanted
Dr. Cynthia Watson,9,268,mystery
Dr. Emily Craig,12,322,mystery
Dr. George Desmond Graham,6,179,wanted
Dr. Gregory Caplinger,12,339,wanted
Dr. Iben Browning,3,67,mystery
Dr. John Anderson,4,99,wanted
Dr. Kenneth Frank,3,62,wanted
Dr. Kenneth Frank,3,83,wanted
Dr. Martin Luther King,5,155,mystery
Dr. Otto Barkeem,6,188,wanted
Dr. Sneha Philip,13,349,lost
Dr. Theodore Loseff,6,168,mystery
Dub Wackerhagen,7,214,wanted
Duncan Gilmore,3,85,lost
Dutch Schultz Treasure,6,192,legend
Dwayne McCorkendale,3,69,murder
E.L.F.,7,224,mystery
E.L.F.,13,371,mystery
Eagle,12,299,mystery
East Stockton John Doe,6,193,lost
Ed Baker,5,133,mystery
Ed Barbara,2,40,wanted
Ed Barbara,3,63,wanted
Edgar Cayce,3,82,mystery
Edgar Kerns,7,217,wanted
Edgar Kerns and Kay Beeman,3,73,wanted
Edgar Kerns/Kay Beeman,3,64,wanted
Edmonton Rapist,6,174,wanted
Eduwigis Escalante,4,107,wanted
Edward Bell,5,141,wanted
Edward Bell,5,157,wanted
Edward Bell,5,164,wanted
Edward Maynard,3,81,wanted
Edward Maynard,3,84,wanted
Edward Zakzrewski,7,201,wanted
Edwin Rodriguez,9,269,wanted
Eileen Mangold,5,160,murder
Elena Souza,9,258,wanted
Elena Souza,9,264,wanted
Elizabeth Bersanetti,7,201,mystery
Elizabeth Campbell,2,37,lost
Elizabeth Campbell,2,56,lost
Elizabeth Ortiz,5,140,wanted
Elizabeth Ortiz,7,219,wanted
Elizabeth Ortiz,12,341,wanted
Ellie Taylor,4,104,lost
"Elliott Leyton, James Fox, Reid Maloy",4,100,mystery
Elmer Locker Jr./John and Cecilia Kealing,2,52,wanted
Elmer Locker Jr./John and Cecilia Kealing,2,55,wanted
Elvis Presley,10,281,legend
Elwyn Jones,7,209,wanted
Elwyn Jones,7,211,wanted
Elysian Park Treasure,7,199,legend
Emilie Hardy,8,228,lost
Emma Figueroa,4,107,wanted
Ennis Cosby,9,268,murder
Epes Bandits,8,235,wanted
Eric Danowski,7,222,mystery
Eric Rudolph,13,350,wanted
Eric Tamiyasu,13,372,murder
Eric and Pam Ellender,7,215,murder
Erica RichardsonJohn Feiga,13,382,murder
"Erick, Glynda, and Keath Nickerson",5,142,lost
"Erick, Glynda, and Keath Nickerson",5,148,lost
"Erick, Glynda, and Keath Nickerson",5,160,lost
Ethel Kidd,4,95,murder
Etta Smith,7,212,mystery
Eva Shoen,5,141,murder
Eva Shoen,5,157,murder
Eva Shoen,6,178,murder
Eve Meisel,6,170,lost
Eve Meisel,6,185,lost
Evonne,8,232,lost
Evonne,8,238,lost
Face on Mars,1,14,legend
Falcon Lake UFO,5,137,legend
Falcon Lake UFO,5,154,legend
Fallon Cancer,13,391,mystery
Father John Kerrigan,1,7,lost
Father Reynaldo Rivera,1,7,murder
Father Solanus Casey,7,200,mystery
Father Solanus Casey,7,208,mystery
Fertility Statues,9,257,legend
Fertility Statues,12,329,legend
Filemon Santiago and Gary Miller,6,188,wanted
Filiberto Ojeda Rios,6,183,wanted
Florian Bourch,3,64,wanted
Floyd Travers,6,195,wanted
Francis C. Buhay,10,285,wanted
Frank Bloomer,3,77,lost
Frank Isley,13,379,wanted
Frank Montenegro,13,352,wanted
Frank Morris and the Anglin Brothers,7,217,wanted
Frank Olson,7,198,mystery
Frank Olson,7,216,murder
Fred Gardner,4,104,lost
Frederick Russell,13,363,wanted
Frederick Valentich,6,166,lost
Fu Teed Wong,5,144,lost
Fumbles,1,21,wanted
Fumbles,2,52,wanted
Fumbles,2,57,wanted
G. Daniel Walker,4,100,mystery
Gabby's Bones,5,152,mystery
Gail DeLano,1,1,lost
Gail DeLano,1,6,lost
Gail Jordan and Dawn Lamont,6,165,murder
Gail Jordan and Dawn Lamont,6,177,murder
Gail Knowlton,9,258,lost
Gainesville Killers,2,52,wanted
Gander Plane Crash,5,159,mystery
Garbage Bag Bandit,2,38,wanted
Garry Gibson,4,98,murder
Garth Arathorne,8,231,wanted
Garth Arathorne,8,233,wanted
Gary Bickford,3,84,lost
Gary Grant Jr.,6,175,murder
Gary Simmons,4,118,murder
Gary Simmons,4,126,murder
Gary Wilson,9,265,wanted
Gary and Ted Noble,9,270,wanted
Gary and Ted Noble,10,286,wanted
Gary and Terry Magno,2,32,wanted
Gary and Terry Magno,2,34,wanted
Gazebo Baby,13,370,mystery
Gene Flannes,2,35,wanted
Gene Kiley tracks down owners of unclaimed money,2,32,other
Geoffrey Sullivan,3,73,lost
George Anderson,5,139,mystery
George Anderson,5,158,mystery
George Burdynski,8,243,lost
George Conniff,2,43,murder
George Mott,9,270,mystery
George Owens,4,127,lost
George Reeves,8,234,mystery
George Reeves,12,347,mystery
Georgia Rudolph,2,49,mystery
Georgia Rudolph,3,66,mystery
Gertrude Pruett,2,51,wanted
Gertrude Pruett,2,58,wanted
Ghosts at the Covewood Lodge,8,236,legend
Gigi,7,226,mystery
Gigi,8,228,mystery
"Glen Loney, Rhonda and Roxanne Anderson, Catherine Webb",5,135,mystery
Gloria Schulze,8,248,wanted
Gordon Collins,5,164,lost
Gordon Page Jr.,7,203,lost
Gordon Page Jr.,12,332,lost
Gordon Weaver,12,316,wanted
Grant Hendrickson and Michele Cartagena,9,256,murder
Green River Killer,8,241,wanted
Greg Webb,2,32,wanted
Greg Webb,5,158,wanted
Greg Webb,13,376,wanted
Gregory Barker,3,85,wanted
Gregory Barker,3,86,wanted
Gregory Barker,4,113,wanted
Gretchen Burford,2,59,murder
Gretchen Burford,3,74,murder
Grocery Robbers,6,180,wanted
Guardian UFO,5,148,legend
Gulf Breeze UFO,1,1,legend
Gulf Breeze UFO,1,25,legend
Gulf Breeze UFO,3,62,legend
Gurdon Light,7,207,legend
Gus Hoffman,1,22,lost
Gus Hoffman,13,351,lost
Guy Cummings,8,231,wanted
HOPE,11,292,mystery
Hank Jones/Dr. David Faux/Carol Montrose,7,209,mystery
Hari Gobin,8,238,wanted
Harold Bennett,8,232,mystery
Harold Bennett,8,238,mystery
Harold and Thelma Swain,1,4,murder
Harper's Ferry Remains,12,346,mystery
Harvey McCloud,8,251,mystery
Hazel Head,13,366,wanted
Heath Brian Vess,4,107,lost
Heath Brian Vess,4,114,lost
Heather Relf,8,229,lost
Heather Tallchief and Roberto Solis,6,195,wanted
Heather Tallchief and Roberto Solis,12,338,wanted
Heirs of Charles Lazarus,6,188,lost
Heirs of Dan Willains,1,12,lost
Heirs of Dan Willains,1,21,lost
Heirs of Donald Mullins,6,175,lost
Heirs of Dorothea Allen,3,71,lost
Heirs of George J. Stein,1,16,lost
Heirs of Howard Drummond,2,36,lost
Heirs of Katherine Bennett,4,116,lost
Heirs of Mary T. Torres,6,175,lost
Heirs of Temperee Hawkins,9,259,lost
Heirs of Walter Green,1,4,lost
Heirs of Walter Rice,6,181,lost
Helen Rose,4,108,lost
Henry Weingarten,11,287,mystery
Highway 50 Phantom,9,269,mystery
Holly Krewson,13,359,lost
Hotel Bullock,5,142,legend
Hotel Bullock,5,160,legend
Howard Storm,9,261,mystery
Hudson River UFO,5,130,legend
Hudson River UFO,6,197,legend
Huey Long/Carl Weiss,5,132,mystery
Hugh Harlin,6,189,lost
Image of Guadalupe,5,156,legend
Inner City Church Fire,8,246,wanted
Inner City Church Fire,8,253,mystery
Interceptors,6,186,legend
Interstate 70 Killer,6,193,wanted
Investigation into postal crimes,7,224,other
Ira Einhorn,8,236,wanted
Irving Bentley,9,270,mystery
J. D. Method,5,135,wanted
J. D. Method,5,155,wanted
Jack Brown,2,30,murder
Jack Brown,2,43,murder
Jack Davis Jr.,7,209,mystery
Jack Quinn,1,9,wanted
Jackie Harrington,1,14,lost
Jackie Harrington,1,27,lost
Jackie Harrington,2,56,lost
Jaclyn Dowaliby,5,139,murder
Jaclyn Dowaliby,5,163,murder
Jacqueline Castaneda,12,327,lost
Jacqueline McAllister and Brian Major,5,153,murder
Jacquelyn Tendall,6,165,murder
Jacquelyn Tendall,6,177,murder
Jake and Dora Cohn,7,221,murder
James Bulger,12,316,wanted
James Donald King,3,89,wanted
James Gilreath,5,132,lost
James Gilreath,5,134,lost
James Gilreath,5,139,lost
James Kilgore,13,367,wanted
James Russell,4,115,lost
James Russell/Darlene and Davida Ebmeier/Thomas Manion/Madding Family,5,144,lost
James Sullivan,12,298,wanted
James Van Praagh,7,212,mystery
James White,4,112,wanted
James White,4,122,wanted
James and Lisa Albert,7,219,wanted
Jamie Santos,9,265,murder
Jamie Santos,13,376,murder
Janice and Alyssa Owen,13,381,murder
Janie Halliday/Estela Vera,6,196,lost
Jarod Allgood and Heidee Ruiz,9,260,mystery
Jason McVean and Alan Pilon,11,288,wanted
Jason McVean and Alan Pilon,12,326,wanted
Jason and Phillip Bomer,12,335,mystery
Jay Cook and Tanya Van Cuylenborg,2,33,murder
Jay Durham,7,207,mystery
Jay Given,6,178,murder
Jayson Artis,11,289,mystery
Jayson Artis,12,313,mystery
Jean Anne Freeman,2,54,lost
Jean Anne Freeman,2,58,lost
Jean Ellroy,8,245,murder
Jean Hilliard,8,240,legend
Jean Marie Gagnon,1,15,wanted
Jean Marie Gagnon,1,16,wanted
Jean Marie Gagnon,1,18,wanted
Jean Marie Gagnon,7,217,wanted
Jean Moore,7,227,lost
Jeanette Federico,9,273,lost
Jeanine Nicarico,5,149,murder
Jeanine Price,7,212,mystery
Jeanne Boylan,7,199,mystery
Jeanne Tovrea,4,119,murder
Jeffrey Digman,4,105,mystery
Jennifer Odom,7,205,murder
Jenny Bastian,2,39,murder
Jenny Pratt,2,48,mystery
Jenny Pratt attackers,1,9,wanted
Jerad Peters,4,108,lost
Jerad Peters,5,138,lost
Jeremy Bright,1,12,lost
Jerry Gervasoni,6,167,wanted
Jerry Gervasoni,6,171,wanted
Jerry Gervasoni,6,182,wanted
Jerry Lee Bowen,12,304,wanted
Jerry Moss,4,106,wanted
Jesse Howell,10,284,murder
Jesse James Hollywood,12,312,wanted
Jessica Constant and Albert Wong,13,360,mystery
Jessica Gutierrez,2,45,lost
Jessica Keen,11,291,murder
Jessica Keen,12,312,murder
Jessie Presley/Shannon Sites,8,240,mystery
Jesslyn Rich,5,137,lost
Jessyca Mullenberg,8,233,lost
Jesus De La Cruz,9,260,lost
Jesus Penalver,2,55,wanted
Jian Fang,7,216,murder
Jill Behrman,12,334,lost
Jill and Julie Hansen,6,172,murder
Jill and Julie Hansen,6,191,murder
Jim Burke,6,171,lost
Jim Burnside,4,98,wanted
Jim Burnside,4,108,wanted
Jim Burnside,4,117,wanted
Jim Kimball,8,236,lost
Jim McMahon,7,221,mystery
Jim Pearson,6,190,lost
Jim Pearson,7,204,lost
Jim Rice,3,84,lost
Jim Wood,11,292,lost
Jimmie Wayne Pierce,9,264,wanted
Jimmie Wayne Pierce,9,279,wanted
Jimmy Ray LeGate,9,261,wanted
Jimmy Ray LeGate,9,266,wanted
Jo Beth Smith,5,133,lost
Joan Gay Croft,6,165,lost
Joan Gay Croft,6,176,lost
Joan Jefferies,8,247,murder
"Joan, Michelle, and Christe Rogers",4,100,murder
Joann Albanese,8,248,lost
Joann Albanese,12,310,murder
Jockey Bandit/ Mr. Nasty/ Mary Poppins Bandit,3,76,wanted
Jodi Huisentruit,8,242,lost
Jodie Bordeaux,12,321,murder
Joe Cole,12,324,murder
Joe Maloney,4,95,wanted
"Joe McCarthy, Herman Stegos, and Cheryl Landon",10,281,mystery
Joe Morrow,13,385,wanted
Joe O'Brien,8,228,mystery
Joe Owens,2,50,wanted
Joe Shepherd,1,1,wanted
Joe Shepherd,1,9,wanted
Joe Shepherd,1,25,wanted
Joe Smith,3,76,wanted
Joe Smith,3,82,wanted
Joe Smith,4,101,wanted
Joey Moss,4,106,lost
Joey Moss,4,113,lost
Joffre Ramos,10,282,mystery
"John ""Thumper"" Brown",2,49,wanted
"John ""Thumper"" Brown",2,53,wanted
John Addis,8,248,wanted
John Addis,12,310,wanted
John Anthony Diaz,8,244,wanted
John Anthony Diaz,8,249,wanted
John Arbogast,8,243,wanted
John Branion,2,41,mystery
John Burns,2,48,wanted
John Cheek,6,191,lost
John Grundhofer Kidnapper,6,172,wanted
John Harden,4,99,murder
John Harman,5,140,lost
John Hawkins,2,39,wanted
John Holland and Elizabeth Joyce,11,289,mystery
John Irwin,3,77,wanted
John Irwin,3,82,wanted
John Irwin,4,113,wanted
John Martin,1,12,murder
John Mooney,1,20,wanted
John Mooney,2,32,wanted
John Mooney,2,48,wanted
John Novotny,4,98,lost
John Novotny,4,107,lost
John Novotny,4,117,lost
John Purvis,5,153,mystery
John Roubas,7,199,wanted
John Simmons,2,33,lost
John Vogel,7,223,wanted
John Wilkes Booth,4,94,mystery
John Wilkes Booth,7,200,legend
John William Farr,1,4,wanted
John Yount,7,217,wanted
John and Linda Sohus,7,210,lost
John and Nancy Bosco,7,202,murder
John and Patti Eggleston and Paige Roark,6,193,mystery
Johnathan Kern,9,256,wanted
Johnny Lee Wilson,3,70,mystery
Johnny Lee Wilson,8,237,mystery
Jon Yount and Diane Brodbeck,1,2,wanted
Jon and Molly Maggio,13,375,wanted
Jon-Benet Ramsey,9,266,murder
Jonathan Francia,7,199,murder
Jonathan Ortiz,5,140,lost
Jonathan Ortiz,12,341,lost
Jones House,12,308,legend
Jordan Children,6,195,murder
Jorge Cortez,1,21,wanted
Jorge Mendez and Jose Rios,8,253,wanted
Jorge Taracena,6,188,wanted
Jose Alvarez and Juan Cristo,2,33,wanted
Jose Blandon,9,256,wanted
Jose Blandon,10,284,wanted
Jose Gonzalez,6,166,mystery
Jose Gonzalez,6,170,mystery
Jose Rubio,4,107,wanted
Joseph Arthur Rodia,5,140,wanted
Joseph Cole,8,252,murder
Joseph Collins,6,184,wanted
Joseph Gardner,6,179,wanted
Joseph Gardner,6,195,wanted
Joseph Hutchinson,1,21,wanted
Joseph Hutchinson,1,28,wanted
Joseph Krantz,5,131,wanted
Joseph Mancini,1,15,wanted
Joseph Prushinowski,6,169,wanted
Joseph Prushinowski,6,189,wanted
Josephine White,4,97,wanted
Joyce McLain,1,16,murder
Juan Carlos Pereira,4,107,wanted
"Juan Gil Ferrufino, Mario Portillo and German DeLeon",13,388,wanted
Juan Jackson,3,75,wanted
Juan Jackson,3,80,wanted
Judge John Fairbanks,4,96,wanted
Judge John Fairbanks,4,119,wanted
Judith Smith,12,311,murder
Judy Hyams,3,74,lost
Judy Hyams,3,82,lost
Julie Cross,1,23,murder
Julie Weflen,2,33,lost
Julio Marco Cruz,2,55,wanted
Julius Patterson and Paulette Hite,5,157,wanted
Julius Patterson and Paulette Hite,6,173,wanted
Justin Burgwinkel,7,223,lost
KROQ Confession,3,63,mystery
KROQ Confession,3,86,mystery
Kaitlyn Arquette,5,147,murder
Kansas City Arsonist,7,213,wanted
Kansas City Arsonist,9,259,wanted
Karen Lofland,9,261,lost
Karen Lofland,9,266,lost
Karen Pelletiere,9,260,wanted
Karen Pelletiere,9,273,wanted
Karen Walker,7,202,mystery
Karen Walters,8,244,lost
Karen and Kathy Mills,12,324,mystery
Kari Lynn Nixon,1,24,lost
Kari Lynn Nixon,3,67,lost
Karl and Helen Rehberg,12,333,wanted
Katherine Korzilius,10,285,mystery
Kathleen Burghardt,7,222,mystery
Kathleen Mary Young,5,141,lost
Kathleen Mary Young,5,164,lost
Kathleen Mary Young,6,170,lost
Kathy Bonderson,4,102,murder
Kathy Bonderson,4,110,murder
Kathy Hobbs,1,14,murder
Kathy Page,10,282,murder
Kathy Power,1,23,wanted
Katie,3,66,mystery
Katie,3,88,mystery
Kay Fletcher,9,270,mystery
Kay Hall,2,31,murder
Kay Hall,2,53,murder
Kecksburg UFO,3,60,legend
Keelan and David J. Rhodes,1,24,lost
Keelan and David J. Rhodes,1,27,lost
Keith Reinhard,2,46,lost
Keith Warren,8,243,mystery
Kelli Ann Ayres,9,264,lost
Kelli Ann Ayres,9,269,lost
Kelly Finnegan,6,193,wanted
Kelly Finnegan,7,219,wanted
Kelly Lee McGinnis,8,254,wanted
Kelly Lee McGinnis,9,257,wanted
Kelsey House,3,76,legend
Kenneth Dungee,2,46,murder
Kenneth E. Dickerson,5,140,wanted
Kenneth Engie,3,70,mystery
Kenneth McDuff,4,121,wanted
Kenneth Stanton,3,65,wanted
Kenneth Stanton,3,66,wanted
Kenneth Stanton,3,72,wanted
Kentucky Visions,8,229,legend
Kevin Dominic,8,240,wanted
Kevin Hughes,2,44,murder
Kevin Poulsen,3,63,wanted
Kevin Poulsen,3,92,wanted
Kevin Reeder,9,256,mystery
Kevin Wheel,6,194,murder
Kevin Wheel,7,212,murder
Keyan and Logan Ivey,7,222,lost
Keyan and Logan Ivey,8,231,lost
Kimberly Karen,6,183,lost
Kimberly Karen,6,184,lost
Kimberly Karen,6,191,lost
Kimberly Pandelios,7,211,murder
"Kimberly, Katie and Kelly Hurley",5,140,lost
Kristen Modafferi,12,305,lost
Kristen Tomlin and Suzanne Russell,1,5,lost
Kristi Krebs,7,214,lost
Kristi Krebs,12,340,lost
Kristi and Bobby Baskin,2,47,lost
Kristi and Bobby Baskin,2,50,lost
Kristie Gunderson Lee,8,254,murder
Kristie Gunderson Lee,9,275,murder
Kristie Martin,8,253,murder
Kristin Smart,9,255,lost
Kristin Smart,12,341,lost
Kristina Smith,2,53,mystery
Kristine Westin and Kevin Woo,13,361,wanted
Kristle Merzlock/Thomas Sawyer,1,17,mystery
Krystal Naab,7,207,murder
Krystal Naab,13,383,murder
Kurt Cobain,9,267,mystery
Kurt Sova/Eugene Kvet,1,7,mystery
Kyle Clinkscales,2,33,lost
La Posada Hotel,7,199,legend
Lancaster Extortion Writer,1,7,wanted
Lancaster Extortion Writer,1,10,wanted
Lance Gueverra,9,260,lost
Landon and Logan Walker,12,303,lost
Larry Costine,6,174,murder
Larry Dennis Miller,1,21,wanted
Larry George,5,148,wanted
Larry George,7,198,wanted
Larry Munroe,1,18,wanted
Larry Race/Debbie Race,4,108,mystery
Latricia White,7,214,murder
Laura Burbank,2,39,murder
Laura Burbank,2,51,murder
Laura Law,13,393,wanted
Lauren Jackson,6,192,lost
Laurence Harding Jr.,2,52,lost
Lauria Bible and Ashley Freeman,12,294,lost
Laurie Cabot,9,258,mystery
Lavada Floyd,2,35,wanted
Lavona and Lavelda Rowe-Richardson,2,55,mystery
Le-Zhan Williams,9,262,lost
Le-Zhan Williams,13,383,lost
Leah Roberts,12,317,lost
Lee Selwyn,1,11,murder
Lee Selwyn,6,168,murder
Lee Selwyn,6,180,murder
Lee Young,4,111,lost
Lena Regina Smith,1,15,wanted
Lenny Dirickson,12,340,lost
Leo Koury,1,12,wanted
Leonard Trigg,8,231,lost
Leroy Drieth,8,237,murder
Lesa Lee,3,91,wanted
Lesa Lee,4,115,wanted
Leslie Isben Rogge,2,30,wanted
Leslie Isben Rogge,2,39,wanted
Lester Garnier,3,88,murder
Leticia Hernandez,2,45,lost
Levia Molinari,4,111,wanted
Levia Molinari,4,121,wanted
Lewis Michael Geiger,2,35,wanted
Life on Mars,9,259,legend
Lily Mae Huff,2,33,lost
Linda Sharp,2,51,lost
Linda Sharp,2,54,lost
Linda Sherman,12,293,murder
Linda Sobek and Kimberly Pandelios,8,234,murder
Linda Tellington-Jones,8,232,mystery
Linda Tellington-Jones,13,385,mystery
Lionel Luviano,7,222,wanted
Lisa Bishop,3,64,lost
Lisa Marie Kimmell,1,19,murder
Lisa Myers,13,379,lost
Lisa Ziegert,6,170,murder
Lissette Nukida,6,175,wanted
Lissette Nukida,6,189,wanted
Little Miss Panasoffkee,5,134,murder
Little Miss Panasoffkee,5,146,murder
Liz Carmichael,1,20,wanted
Liz Carmichael,1,26,wanted
Liz Carmichael,2,43,wanted
Liza Montgomery,4,101,wanted
Liza Montgomery,4,120,wanted
Logan Carroll,8,230,mystery
Logan Carroll,12,314,mystery
Lois Gibson,12,335,mystery
Lonnie Zamora UFO Sighting,8,233,legend
Lonnie Zamora UFO Sighting,8,242,legend
Lonnie Zamora UFO Sighting,12,331,mystery
Lorene Roberts,4,107,lost
Lorene Roberts,5,131,lost
Loretta Myers,7,213,lost
Loretta Myers,8,229,lost
Loretto Chapel,3,69,legend
Loretto Chapel,3,89,legend
Lori Smith,7,201,mystery
Lost Dutchman Mine,1,19,legend
Lost Love Benjamin Baker,11,291,lost
Lost Love Gerry and Terry Robinson,11,291,lost
Lost Loves Lt. Karen Stephens,2,29,lost
Lost Loves Lt. Karen Stephens,2,31,lost
Louis Carlucci,1,1,wanted
Louis Carlucci,1,19,wanted
Louis Carlucci,2,34,wanted
Lt. Charlie Guess,3,84,mystery
Lt. Karen Stephens,2,48,lost
Lt. Paul Whipkey,3,84,lost
Lucie Turmel,5,134,murder
Lucy,5,148,mystery
Luie Quezada,10,282,wanted
Luis Diaz,5,143,mystery
Luis Herrera,4,107,wanted
Luis Ochoa,8,247,wanted
Luiz Gasparetto,7,218,mystery
Luiz Gasparetto,7,227,mystery
Luiz Gasparetto,13,377,mystery
Lunersee Lake Treasure,3,64,legend
Lyle Moody,5,162,wanted
Lyle Moody,13,380,wanted
Lynn Amos,9,263,murder
Lynn Amos,12,340,murder
Lynne Plaskett,9,275,mystery
Mabel Woods,2,31,mystery
Mabel Woods,2,53,mystery
Madding Family,4,115,lost
Madeline Strauss,6,169,lost
Madeline Strauss,6,191,lost
Madeline and Ada Underwood,4,110,lost
Madeline and Ada Underwood,4,125,lost
Mahfuz Huq,5,131,wanted
Mahfuz Huq,5,145,wanted
Mahfuz Huq,13,364,wanted
Malaika Griffin,12,323,wanted
Malakia Logan,2,45,lost
Manny Moreno,8,230,wanted
Manwell Marino,7,209,wanted
Marcus Farina,4,116,lost
Marek Kosciukiewicz,9,265,lost
Marfa Lights,2,33,legend
Margaret Wiesner,5,153,lost
Margaret Wilson,7,206,mystery
Margaux Hemingway,9,256,mystery
Margie Jelovcic,12,330,lost
Margo Freshwater,13,384,wanted
Maria Armstrong,2,38,wanted
Maria Armstrong,3,64,wanted
Maria Armstrong,13,393,wanted
Maria Hernandez,9,271,wanted
Maria Hernandez,9,280,wanted
Maria Hernandez,12,336,wanted
Maria Socorro De Rodriguez LaPine (The Black Widow),9,272,wanted
Marie Hilley,4,100,wanted
Marie LaVeau,8,232,legend
Marie Laveau,8,238,legend
Marie Lilienberg and Maria Wahlén,4,118,murder
Marilu Geri,1,10,murder
Marilyn Hahnlein,6,195,lost
Marilyn Hahnlein,7,207,lost
Mario Amado,5,154,mystery
Mark Adams,1,6,wanted
Mark Dennis,3,72,lost
Mark Gagliardo,9,271,wanted
Mark Gagliardo,9,272,wanted
Mark Groezinger,2,45,murder
Mark Groezinger,3,89,murder
Mark S. Newman and Gerald I. Levy,2,55,mystery
"Mark S. Newman and Gerald I. Levy, Donald M. and Louis G. Keith, Lavona and Lavelda Rowe-Richardson",3,74,mystery
Marlena Childress,2,58,lost
Marlene Santana/Carlina White/Christopher Abeyta,1,13,lost
Marlene Santana/Carlina White/Christopher Abeyta,1,25,lost
Marshall Lee Brown,10,284,wanted
Martha Brailsford,9,258,murder
Martha Doe Roberts,5,131,lost
Martha Doe Roberts,5,151,lost
Martha Hinkle,3,65,lost
Martha Hinkle,4,97,lost
Martha Moxley,8,241,murder
Martha Moxley,12,328,murder
Martin Ganz,7,222,murder
Martin Hernandez,7,222,murder
Marvin Gabrion,10,283,wanted
Marvin and Sandra Maple,2,47,wanted
Marvin and Sandra Maple,2,50,wanted
Mary Agnes Gross,10,282,lost
Mary Agnes Gross,12,341,lost
Mary Ann Perez,4,99,lost
Mary Celeste,7,205,legend
Mary Morris and Mary Morris,13,353,murder
Mary Sullivan,13,362,murder
Matt Flores,8,229,murder
Matt and Wendy Jameson,8,249,mystery
Matthew Chase,1,10,lost
Matthew Chase,1,22,lost
Maureen Keewatincappo/Bernie and Calvin Seaton,5,149,lost
Medjugorje Miracles,4,111,legend
Medusa Bandit,2,38,wanted
Megan Curl,12,347,murder
Melanie Uribe,7,212,murder
Melissa Jo Sermons,6,174,wanted
Melody Martin,3,79,wanted
Melody Martin,4,94,wanted
Melody Woods,9,263,wanted
Melvin Edward Mays,2,30,wanted
Melvin Luther Wilson,9,271,wanted
Melvin Wilson,9,280,wanted
Melvin and Daniel Nellis,3,90,lost
Melvin and Daniel Nellis,4,106,lost
Melvine Aprile,2,42,wanted
Melvine Aprile,3,70,wanted
Men In Black,9,274,legend
Meriah and Sabria Widboom,9,258,lost
Merle Marie Vanderheiden,9,270,wanted
Merle Marie Vanderheiden,9,280,wanted
Mexico City UFO,7,203,legend
Mexico City UFO,7,220,legend
Mia Zapata,8,239,murder
Mia and Shadow,13,368,mystery
Miami Robber,6,190,wanted
Michael Alfonso,12,337,wanted
Michael Anthony Starr,5,143,wanted
Michael Benka,6,171,wanted
Michael Carmichael and Billy Ray Hargrove,6,185,mystery
Michael Drosnin,10,282,mystery
Michael Eschweiler,8,230,wanted
Michael Eschweiler,8,244,wanted
Michael Francke,3,80,murder
Michael Hansen,5,140,wanted
Michael Hughes,8,235,lost
Michael Hunter,5,150,murder
Michael Johnston and Rochelle Robinson,8,244,murder
Michael Lloyd Self,5,161,mystery
Michael McGuffey,8,235,wanted
Michael Mohan,7,217,wanted
Michael Owen and Wendy Throop,12,332,mystery
Michael Rosenblum,1,11,lost
Michael Rosenblum,3,90,lost
Michael Seymour,6,172,lost
Michael Seymour,6,189,lost
Michael Short,9,263,wanted
Michael St. Clair and Dennis Reese,4,106,wanted
Michael Swango,8,230,wanted
Michael Wayne Brown,10,283,wanted
Michael Wayne Brown,12,331,wanted
Michael Wayne Brown,12,340,wanted
Michael Wilburn,9,261,wanted
Michael and Sharon Mohon,1,21,wanted
Michael and Sharon Mohon,1,27,wanted
Michaela Garecht/Amber Swartz,1,12,lost
Michella Welch,2,39,murder
Michelle Abraham,10,282,wanted
Michelle Fazzani,4,126,lost
Michelle Fazzani,4,129,lost
Michelle Fazzani,5,140,lost
Michelle Fazzani,12,336,lost
Michelle O'Malley,8,241,mystery
Michelle Witherell,11,288,murder
Mickey Allen Samson,5,144,lost
Mickey and Trudy Thompson,1,16,murder
Mickey and Trudy Thompson,13,352,murder
Micki Jo West,1,13,lost
Micki Jo West,2,59,lost
Miguel Morales,6,188,wanted
Mike Cline/Raymond Scoville/Thomas Geers/Michael Lassen,3,60,wanted
Mike Emert,12,336,murder
Mike O'Mara,7,210,mystery
Mike Riemer,1,27,wanted
Milk Carton Bandit/Grandpa Bandit,5,161,wanted
Milly McGregor/Randy Spears,8,252,mystery
Minnesota Brinks Heist,3,62,wanted
Minnesota Brinks Heist,3,87,wanted
Miracle of Lourdes,6,184,legend
Miracle the White Buffalo,8,234,legend
Miracles Mary Clamser,8,246,legend
Miranda Gaddis and Ashley Pond,13,396,lost
Molly Bish,13,390,lost
Monica Bonilla,3,78,lost
Monika Rizzo,10,281,mystery
Morgan Nick,12,327,lost
Morris Davis,3,71,murder
Moses Lall and Lila Buerattan,8,238,lost
Mothman,13,373,legend
Mystery Rock,1,7,mystery
Nancy Daddysman,12,322,murder
Nancy Manni,8,239,mystery
Nancy Myer,7,205,mystery
Nanteos Cup,10,283,legend
Naoma and Richard Wendorf,9,269,murder
Nasario Palacios,7,201,wanted
Nassau County Robber/Boynton Beach Robber,8,236,wanted
Natasha Jennings,12,319,mystery
Nazca Lines,8,248,legend
Nazca Lines,12,314,legend
Neal Jennings,5,146,murder
Neal Jennings,5,158,murder
Neil and Terry Gott,7,206,wanted
Nelson DeCloud,5,159,wanted
Nelson DeCloud,6,165,wanted
New Orleans Serial Killer,5,135,wanted
New Orleans Serial Killer,5,155,wanted
New York Coin Scam,2,31,mystery
New York Coin Scam,2,53,mystery
New York Coin Scam,3,90,mystery
Ngoc Van Tran,10,283,wanted
Ngoc Van Tran,13,393,wanted
Nicholas Karopoulos,4,111,lost
Nicholas Karopoulos,4,121,lost
Nicolai Levashov,11,288,mystery
Niqui McCown,13,395,lost
Noah's Ark,4,121,legend
Noah's Ark,4,129,legend
Noreen Renier,7,221,mystery
Norman Ladner,3,69,mystery
Norman Ladner,3,89,mystery
Norman and Lulu,11,291,mystery
Nostradamus and New Millennium Predictions,11,290,mystery
Nova and Lady,6,186,mystery
Nyleen Marshall,3,69,lost
Nyleen Marshall,3,78,lost
O'Neal Moore,3,68,murder
O.J. Simpson,9,262,mystery
Obia-Man,3,78,wanted
Oded Gordon,3,80,lost
Ohio Prostitute Killer,4,113,wanted
Ohio Prostitute Killer,4,124,wanted
Ok-Cha Wortman,11,292,lost
Ok-Cha Wortman,12,332,lost
Ok-Cha Wortman,12,333,lost
Oklahoma City Convenience Store Robbers,6,180,wanted
Olesen Family,9,269,mystery
Oliver,9,266,legend
Oliver Munson,6,181,lost
Omar Arroyo,13,365,wanted
Opal ZachariasLance Bedgood,13,377,murder
Ora Prince,6,195,wanted
Original Night Stalker in Sacramento,13,371,wanted
Owen Walker,9,259,lost
Pablo Rodriguez,2,55,wanted
Padre Pio,7,211,legend
Padre Pio,13,393,legend
Paducah Plane Jumper/Estelle,5,130,mystery
Paloma Gibson,3,79,lost
Paloma Gibson,4,94,lost
Pam Page,6,176,lost
Pamela June Ray,5,141,lost
Pamela Mason/Rena Paquette/Danny Paquette,3,65,murder
Pat Brown,10,283,mystery
Pat Fagan,3,83,wanted
Pat Fagan,3,84,wanted
Pat Fagan,3,92,wanted
Pat Farmer,4,108,wanted
Pat Farmer,5,138,wanted
Patience Worth,7,223,mystery
Patricia Bonner,8,239,lost
Patricia Bonner,8,245,lost
Patricia Carlton,5,134,lost
Patricia Carlton,5,146,lost
Patricia Meehan,2,34,lost
Patricia Stallings,12,329,mystery
Patrick Ackles,4,104,lost
Patrick Kelly,9,269,murder
Patrick Michael Mitchell,3,76,wanted
Patsy Wright,1,22,mystery
Patsy Wright,1,27,murder
Paul Ragusa,10,285,wanted
Paul Stamper,4,97,wanted
Paul Stamper,4,105,wanted
Paul Stamper,4,115,wanted
Paul Xavier Alexander,7,223,wanted
Paul and Paula Scribner,4,96,lost
Paul and Paula Scribner,4,110,lost
Paul and Paula Scribner,5,133,lost
Pauline Martz,3,70,murder
Pedro Nyego,2,55,wanted
Pedro Pumajero,4,107,wanted
Pedro Uribe/Hugo Balbin/Luis and Ivan Arango/Miguel Villegas,2,52,wanted
Pennsylvania Bank Robber,6,190,wanted
Permon Gilbert,1,17,murder
Phantom Sub,7,210,legend
Philip Breen,4,104,wanted
Philip Breen,4,125,wanted
Philip Innes Fraser,4,109,murder
Philip Pauli,8,242,mystery
Philip Pelletier,1,10,lost
Philip Pelletier,1,14,lost
Philip Pelletier,7,208,lost
Phillip Anthony Moore,5,133,wanted
Phillip Anthony Moore,5,140,wanted
Phillip Anthony Moore,5,146,wanted
Phillip Thomas,7,209,lost
Phoenix Lights,10,286,legend
Phyllis Strub,7,201,wanted
Pierre April,5,131,mystery
Pierre April,5,136,mystery
Pierre April,5,164,mystery
Pizza Parlor Killer,3,86,wanted
Pizza Restaurant Robbers,4,115,wanted
Poverty Island Treasure,7,204,legend
Qi Gong,9,262,mystery
Rachael Runyan,2,35,murder
Rachel Cooke,13,377,lost
Rachel Timmerman,10,283,murder
Rae Ann Mossor,2,40,mystery
Rafael Camarena,3,85,wanted
Rafael Camarena,3,91,wanted
Rafael Camarena,13,363,wanted
Ralph Probst,2,57,murder
Ralph Probst,3,74,murder
Ralph Sigler,2,38,murder
Ramon Reyes and Louie Velarde,6,180,wanted
Ramzi Ahmed Yousef,5,157,wanted
Randall Utterback,7,215,wanted
Randolph Dial,7,217,wanted
Randolph Dial,13,389,wanted
Randy Yager,12,330,wanted
Ray Hickingbotham,2,44,lost
Ray Olson,7,227,wanted
Ray Olson,8,228,wanted
Raymond Routte,9,256,lost
Raymond Routte,9,271,lost
Raymond Young,6,173,wanted
Raymond Young,12,329,wanted
Raymond and Ruth Ann Ritter,3,67,murder
Raymond and Ruth Ann Ritter,3,88,murder
Rebecca Young,5,138,murder
Red Dye Robber,8,228,wanted
Red Mercury,9,257,mystery
Reggie DePalma,5,161,wanted
Regina Davis,9,263,lost
Regina and Margaret Defrancisco,12,345,wanted
Rejean Hardy,8,228,wanted
Rendlesham Forest Incident,4,93,legend
Renee Lamanna,8,230,lost
Reverend Ralph DiOrio,9,278,mystery
Rhonda Hinson,2,36,murder
Rhonda Johnson and Sharon Shaw,5,161,murder
Ricardo Caputo,3,72,wanted
Richard Aderson,12,314,murder
Richard Aderson Road Rage Incident,10,286,murder
Richard Bare,8,235,wanted
Richard Bocklage,3,84,wanted
Richard Cepulonis,8,244,wanted
Richard Cepulonis and Karen Walters,9,261,wanted
Richard Cepulonis/Karen Walters,13,370,wanted
Richard Church,3,67,wanted
Richard Church,3,88,wanted
Richard Condia,4,118,wanted
Richard Ford and Matthew Crome,7,221,wanted
Richard Ford/Matthew Crome,8,236,wanted
Richard Ford/Matthew Crome,8,240,wanted
Richard Green,2,35,wanted
Richard Joseph Alvarado,2,35,wanted
Richard McNair,5,138,wanted
Richard Minns,4,116,wanted
Richard Relf,8,229,wanted
Rick McCue,5,145,mystery
Rick McCue,5,161,mystery
Rick McCue,13,386,mystery
Rick Vallee,11,291,wanted
Rickey Bright,8,235,wanted
Rita Faulkner,7,214,wanted
Robert Arcieri,7,224,wanted
Robert Borton,7,206,lost
Robert Corrado,3,65,wanted
Robert Davidson,8,250,mystery
Robert Dennie,2,30,wanted
Robert Dennie,2,38,wanted
Robert Dirscherl,9,268,murder
Robert Fisher,13,354,wanted
Robert Fritch,6,171,wanted
Robert Fritch,6,185,wanted
Robert Hamrick,4,104,mystery
Robert Hamrick,13,371,murder
Robert James,12,314,murder
Robert James Palmer,7,213,lost
Robert James Road Rage Incident,10,286,murder
Robert Kennedy,2,56,mystery
Robert Kennedy,4,113,mystery
Robert Kennedy,4,124,mystery
Robert Kennedy,8,250,legend
Robert Leads,1,13,wanted
Robert Leads,1,17,wanted
Robert Matthews/Kristina Florence,1,8,mystery
Robert Miller,2,44,lost
Robert Miller,2,59,lost
Robert Trenholm,9,262,wanted
Robert Watson,5,140,wanted
Robert Watson,6,174,wanted
Robert Watson,6,189,wanted
Robert Watson,7,217,wanted
Robert Weeks,2,48,wanted
Roberto Ramirez,8,234,wanted
Robin Stevens and Sherry Seymour,4,103,wanted
Robin Stevens and Sherry Seymour,4,106,wanted
Robin Stevens and Sherry Seymour,4,112,wanted
Rochester Car Heist,4,122,wanted
Rodger Lindsley,8,249,lost
Roger Dean,4,101,murder
Roger Dean,4,120,murder
Roger Lindsley,8,241,lost
Rogest Cain,1,8,lost
Rogest Cain,1,11,lost
Rohrey Wychgel Shooter,6,170,wanted
Rolando Cruz and Alejandro Hernandez,5,149,wanted
Rolex Robbers,1,5,wanted
Ron Gillispie,7,204,murder
Ron Rushton,1,22,wanted
Ronald Bax,8,233,wanted
Ronald Denslow,1,17,wanted
Ronald Denslow,1,28,wanted
Ronald Earl Cains,8,229,wanted
Ronald Jr. and Aaron Roberts,5,140,lost
Ronald Oglesby,6,179,wanted
Rose Marie Luttmer,6,181,lost
Rose Marie Luttmer,7,215,lost
Rose Marie Platt,4,112,lost
Rose Marie Platt,4,128,lost
Rose Turford and Carolyn Stevens,7,225,wanted
Rose Turford and Carolyn Stevens,8,235,wanted
Rosemary Altea,9,274,mystery
Rosemary Hom,7,221,murder
Roswell Crash,2,29,legend
Roswell Crash,2,45,legend
Roswell Crash/Area 51,6,197,legend
Roxann and Kristopher Jeeves,6,192,murder
Roy Caffey,7,206,murder
Rudolf Hess,2,34,mystery
Rufino Castaneda,13,386,wanted
Russell Evans,3,75,mystery
Ryan Stallings / Patricia Stallings,3,92,mystery
Ryan Stallings/Patricia Stallings,3,87,mystery
Ryan Stallings/Patricia Stallings,4,103,mystery
Sabrina Aisenberg,11,287,lost
Sabrina Aisenberg,12,340,lost
Sagebrush Rebellion,9,265,wanted
Sal Guardado,4,129,wanted
Sal Guardado,5,146,wanted
Salvatore Caruana,2,35,wanted
Salvatore Spinnato,9,278,wanted
Sam Wodke,8,245,wanted
Sam Wodke,8,251,wanted
Sam Zelikson,9,258,legend
Sam Zelikson,13,376,mystery
Samantha Kibalo,13,358,lost
Sammy Wheeler,7,203,murder
Samuel Glover and Marshall Kirkpatrick,9,262,wanted
Samuel Glover and Marshall Kirkpatrick,9,272,wanted
San Pedro Mummy,6,182,legend
Sandra Evans,5,136,mystery
Sandra Nevarez,8,239,lost
Sandra Orellana,9,264,murder
Sandra Orellana,9,268,murder
Sandy Breed and Bruce Clark,6,175,lost
Santos Family,4,117,mystery
Sarah DiGennaro,4,102,mystery
Sarah DiGennaro,4,119,mystery
Sarah Powell,8,251,mystery
Savanna Todd,8,228,lost
Savior of Cathy Loving,4,103,lost
Savior of Cathy Loving,4,123,lost
Savior of Cathy Loving,5,137,lost
Savior of Cathy Loving,5,154,lost
Savior of Phillip Macri,5,151,lost
Savior of Phillip Macri,5,162,lost
Savior of Samantha Roberts,9,276,lost
Savior of Steve Newton,9,261,lost
Savior of Steve Newton,13,363,lost
Savior of Wendy Radcliffe,8,243,lost
Savior of Wendy Radcliffe,8,244,lost
Savior of Wilma Drew,10,285,lost
Saviors of Colleen Frangione,6,175,lost
Saviors of Colleen Frangione,6,176,lost
Saviors of Colleen Frangione,6,183,lost
Saviors of Colleen Frangione,13,388,lost
Saviors of Doris Smith,11,290,lost
Saviors of Dover Family,7,224,lost
Saviors of Dover Family,8,233,lost
Saviors of Duane Miller,8,245,lost
Saviors of Michelle West,7,205,lost
Scott Enyart,8,250,mystery
Scott Hill,5,152,lost
Scott Hill,6,166,lost
Scott Johnson,4,125,mystery
Seattle Arsonist,5,132,wanted
Selena Edon,6,183,lost
Sergio Farina,4,116,wanted
Seth Arathorne,8,231,lost
Seth Arathorne,8,233,lost
Shafaa Salem,6,178,lost
Shane Stewart and Sally McNelly,4,93,murder
Shannon Davis,1,13,murder
Shannon Davis,2,48,murder
Shannon Kinne,12,324,wanted
"Shannon Verhage, Wayne Davis, John Weeks, Robert Allen",10,283,lost
Sharita Harding,3,63,lost
Sharita Harding,3,64,lost
Sharita Harding,3,69,lost
Sharon Elliott,2,41,mystery
Sharon Johnson,4,101,mystery
Sharon Johnson,4,120,mystery
Sharon Kinne,10,286,wanted
Sharon Rogers Car Bomber,5,151,wanted
Sharon Rogers Car Bomber,13,377,wanted
Sheldon Weinberg,1,25,wanted
Sheldon Weinberg,2,30,wanted
Shelly Malone,8,250,mystery
Sherry Eyerly,4,102,lost
Sherry Eyerly,4,119,lost
Sherry Hart,8,235,murder
Shooters of C.W. Roddy,3,61,wanted
Shopping Bag Bandit,1,4,wanted
Shopping Bag Bandit,1,7,wanted
Shorts Robber,2,38,wanted
Shotgun Bandit,1,4,wanted
Skeleton Canyon Treasure,3,71,legend
Son of Sam,1,4,mystery
Son of Sam,1,5,mystery
Sonny Liston,2,37,mystery
Sonny Liston,2,58,mystery
Sonya Fitzpatrick,12,307,mystery
Southern California Robber,6,190,wanted
Stahl Painting Theft,5,156,wanted
Stallings Family,7,210,lost
Stallings Family,7,211,lost
Stallings Family,7,222,lost
Stanley Gryziec,3,63,murder
Stanton Bones,4,112,mystery
Star Palumbo,12,341,lost
Stefanie Stroh,2,33,lost
Stephanie Booker,9,261,mystery
Stephanie Booker,9,279,mystery
Stephen Anderson,13,355,wanted
Steve Hadley,1,2,wanted
Steve Sandlin,2,49,murder
Steve Wilson,3,77,wanted
Steven Cox,1,6,wanted
Steven Cox,1,8,wanted
Steven Cox,1,10,wanted
Steven Cox,1,11,wanted
Steven Cox,2,48,wanted
Steven Oliver,8,233,wanted
Stockton Arsonist,3,60,wanted
Stockton Arsonist,3,62,wanted
Stockton Arsonist,3,68,wanted
Stryder Styarfyr,13,366,wanted
Stuart Heaton,7,207,mystery
Stuart Heaton,13,383,mystery
Su Taraskiewicz,8,240,murder
Su-Ya Kim,6,169,murder
Sugar,4,101,mystery
Sugar,4,120,mystery
Sumter County Does found murdered in 1976,7,211,mystery
Susan Cappel,2,33,lost
Susan Harrison,9,260,lost
Susan Harrison,9,273,lost
Susan King,9,275,lost
Susan King,12,328,lost
Susan Roberts,5,140,wanted
Susan Walsh,9,266,lost
Susan and Shane Hamwi,5,153,murder
Suzanne Davis,8,235,mystery
Sweetheart Swindler,2,52,wanted
Sweetheart Swindler,3,91,wanted
"Sylvan Lazarus, Carl Cobb and Bernard Brady",7,211,lost
TWA Flight 800,9,268,mystery
TWA Flight 800,9,272,mystery
Tallman House,1,3,legend
Tammy Lynn Leppert,5,130,lost
Tampa Bay Robber,6,190,wanted
Tandem Bandits,2,38,wanted
Tanya Smith,8,247,murder
Tara Breckenridge,7,218,lost
Tara Calico and Michael Henley,2,29,lost
Tara Calico and Michael Henley,2,45,lost
Tatum House,1,3,legend
Taylor Kramer,8,232,lost
Taylor Kramer,8,238,lost
Ted Binion,11,290,murder
Ted Loseff,6,180,mystery
Ted Loseff,13,389,mystery
Televangelist Bomber,4,103,wanted
Televangelist Bomber,4,123,wanted
Teresita Basa,2,54,mystery
Teresita Basa,4,105,murder
Terri McClure,1,20,murder
Terry Lucas,5,137,mystery
Terry Smith,5,147,lost
Teryn Hedlund,7,208,mystery
The Alcatraz Escape,1,15,mystery
The Allagash Abductions,6,197,legend
The Bald Mountain Shooters,1,13,wanted
The Bald Mountain Shooters,1,16,wanted
The Bannack Treasure,2,55,legend
The Bicycle Bandit,1,23,wanted
The Bird Road Rapist,5,143,wanted
The Black Dahlia/Butcher Of Kingsbury Run,5,142,murder
The Brother of Sylvia Wemhoff,1,26,lost
The Brother of Sylvia Wemhoff,2,33,lost
The Brother of Sylvia Wemhoff/Margaret Murphy,1,13,lost
The Butcher Of Kingsbury Run,3,80,legend
The Child of Mac McDonald,4,109,lost
The Child of Mac McDonald,4,115,lost
The Children of Doreen Espinosa,10,286,lost
The Children of Faith Brown,6,179,lost
The Children of Faith Brown,6,180,lost
The Children of Faith Brown,6,187,lost
The Children of Georgia Tann,2,40,lost
The Children of Georgia Tann,3,65,lost
The Children of Hilda Craun,6,177,lost
The Children of Hilda Craun,7,200,lost
The Children of Uta Collins,5,144,lost
The Countess,3,86,wanted
The Countess,3,91,wanted
The Countess,6,179,wanted
The Crew of the Casie Nicole,4,109,lost
The Crew of the Freedon,3,64,lost
The Crew of the L-8,5,161,lost
The Crew of the Liebling,1,12,lost
The Crew of the Sara Joe,2,31,lost
The Curse of King Tut,8,251,legend
The Curse of King Tut,8,254,legend
The Daughter of Dave and Christie Carlsen,8,254,lost
The Daughter of Dave and Christie Carlsen,9,256,lost
The Daughter of Dave and Christie Carlsen,9,263,lost
The Daughter of Dave and Christie Carlsen,9,276,lost
The Daughter of Gerda Burian,8,230,lost
The Daughter of Gerda Burian,8,239,lost
The Daughter of Joseph Schambier,2,41,lost
The Daughter of Lavar Bates,3,60,other
The Daughter of Oscar Norton,6,194,lost
The Daugther of Lavar Bates,3,81,other
The Devil's Backbone,8,237,legend
"The Families of Dylene Zolikoff, Scott Merz, and Dawnette Barker",5,136,lost
"The Families of Dylene Zolikoff, Scott Merz, and Dawnette Barker",5,151,lost
The Families of the S.S. Muskogee Crew,1,22,lost
The Families of the S.S. Muskogee Crew,1,28,lost
The Family of Charles Stubin,5,143,lost
The Family of Dolores Camarena,12,297,lost
The Family of Dolores Valadez,1,10,lost
The Family of Georgia Boyd,5,134,lost
The Family of Jeanne Martin,8,235,lost
The Family of Joe Soll,4,118,lost
The Family of LaDonna Alfano,8,246,lost
The Family of LaDonna Alfano,8,247,lost
The Family of LaDonna Alfano,8,252,lost
The Family of Monica Libao,13,357,mystery
The Family of Pat Mealbach,2,48,lost
The Family of Terris Christie Derby,6,182,lost
The Family of Terris Christie Derby,7,210,lost
The Family of Victor Simon,3,76,lost
The Father of Janet O'Regan,1,5,lost
The Father of Jeannie Wagner,4,96,lost
The Father of Jeannie Wagner,5,157,lost
The Father of Kathleen Belcher,6,193,lost
The Fatima Miracle,6,171,legend
The Friend of Moises Treves,9,278,lost
The Friend of Russell and Jean Johnson,5,144,lost
The Friend of Stephan Ross,2,38,lost
The Friend of Tom Vaughn,6,178,lost
The Friend of Tom Vaughn,6,193,lost
The Friends of Fritz Vincken,7,218,lost
The Friends of Fritz Vincken,8,243,lost
The Friends of Fritz Vincken,13,386,lost
The Friends of Kim Schad,8,249,lost
The General Wayne Inn,1,3,legend
The Ghost of Resurrection Mary,6,183,legend
The Ice Man,7,198,legend
The Ice Man,7,216,legend
The Kecksburg UFO,3,81,legend
The Lake Champlain Monster,5,131,legend
The Lake Champlain Monster,5,145,legend
The Las Cruces Bowling Alley Massacre,2,54,murder
The Mona Lisa,6,173,legend
The Mother of Barbara Smith and Barbara Ratner,4,105,lost
The Mother of Carla Downing,4,93,lost
The Mother of Carla Downing,4,104,lost
The Mother of Margaret Smith,6,183,lost
The Mother of Tim Harrell,8,252,lost
The Mother of Tim Harrell,9,258,lost
The Nanny of Jackie Cooper,2,50,lost
The Oakville Blobs,9,277,mystery
The Parents of Brenda Abbey,6,195,lost
The Parents of Brenda Abbey,6,196,lost
The Parents of Brenda Abbey,7,205,lost
The Parents of Gale Samuels,9,263,lost
The Parents of Jeri Graves,3,85,lost
The Parents of Kimberly Smith,13,370,lost
The Parents of Miriam,5,161,lost
The Queen Mary,1,3,legend
The Savior of James Vernon,5,135,lost
The Savior of Renee Wilson,9,266,lost
The Search of Alexandra Stantzos,5,144,lost
The Search of Bob Coleman,7,221,mystery
The Search of Helen Elas,7,214,lost
The Shroud Of Turin,4,95,legend
The Shroud Of Turin,6,196,legend
The Siblings of Aleatha Evertz,3,79,lost
The Siblings of Debbie Hamilton,8,233,lost
The Siblings of Eugene Price,5,148,lost
The Siblings of Eugene Price,5,150,lost
The Siblings of Eugene Price,6,187,lost
The Siblings of Jeff Linn,9,259,lost
The Siblings of Jeff Linn,9,274,lost
The Siblings of Jim Boumgarden,4,128,lost
The Siblings of Jim Boumgarden,5,149,lost
The Siblings of LeeAnn Robinson,2,39,lost
The Siblings of LeeAnn Robinson,2,47,lost
The Siblings of Martha Smith,4,122,lost
The Siblings of Tina Shiets,8,234,lost
The Siblings of Tina Shiets,8,235,lost
The Signal Mountain Murders,2,42,murder
The Signal Mountain Murders,3,90,murder
The Sister of Lois Cappoziello,9,260,lost
The Sisters of Jackie Dragon,3,86,lost
The Sisters of Jackie Dragon,4,118,lost
The Skunk Ape,11,288,legend
The Son of Bobbi Page Myler,9,274,lost
The Sons of Jim Fontes,3,68,lost
The Sons of Jim Fontes,3,75,lost
The Unabomber,8,248,wanted
The Wickenberg Massacre,8,247,legend
The Yeti aka Abominable Snowman,4,112,legend
The Zodiac Killer/The Unabomber,9,255,mystery
The disappearance of Amelia Earhart,3,87,legend
The ghost of Gettysburg National Military Park,8,244,legend
The ghost of the Harden House,4,99,legend
The ghosts at Drumm Barracks Civil War Museum,5,136,legend
The ghosts at Moss Beach Distillery,5,136,legend
The ghosts at the Three Partners Ranch,8,248,legend
The ghosts of Black Hope,13,369,legend
The ghosts of Loews Cottage,11,289,legend
The ghosts of The Comedy Store,8,243,legend
The ghosts of the Delta Queen Riverboat,11,288,legend
The ghosts of the Lizzie Borden House,12,306,legend
The ghosts of the Mann House,6,170,legend
The ghosts of the Myrtles Plantation,12,311,legend
The ghosts of the Smith Home,9,272,legend
The ghosts of the St. James Hotel,4,99,legend
The search for a suspect in Mexico,9,266,wanted
Therapeutic Touch Michael Ziegler/George and Marie,6,190,mystery
Therese Rose Walsh,9,270,lost
Therese Rose Walsh,9,280,lost
Thomas David Dixon,8,239,wanted
Thomas David Dixon,8,246,wanted
Thomas David Dixon,8,252,wanted
Thomas David Dixon,8,253,wanted
Thomas Heck,3,61,lost
Thomas Hickey and William McCarthy,3,75,wanted
Thomas Hickey and William McCarthy,3,80,wanted
Thomas Hotard,1,19,murder
Thomas Manion,4,115,lost
Thomas Nauss Jr.,1,15,wanted
Thomas Wright,11,290,mystery
Three cases of spontaneous human combustion,9,270,mystery
Tim Barry,7,204,wanted
Tim Good,8,252,murder
Tim Good,9,257,murder
Tim Molnar,8,232,lost
Tim Molnar,8,238,lost
Timothy Coombs,8,250,wanted
Tina Jefferson,2,34,murder
Tina Jefferson,12,328,murder
Tina Marcotte,8,236,lost
Tina Resch,5,161,mystery
Todd McAfee,1,28,murder
Todd Mueller,4,110,wanted
Tom Dixon,4,118,wanted
Tom Dixon,4,126,wanted
Tom Hughes,5,150,mystery
Tom Johnson,6,192,wanted
Tom Johnson,13,370,wanted
Tom Kueter,8,236,mystery
Tom Roche,5,156,lost
Tom Young,2,46,mystery
Tommy Burkett,7,204,mystery
Tommy Gibson,4,98,lost
Tommy Gibson,4,117,lost
Tommy Zeigler,9,267,mystery
Tony Alamo,3,88,wanted
Tony Alamo,3,91,wanted
Tony DeCompo,9,259,wanted
Tony Lombardi,6,187,mystery
Tony Marabella,8,247,mystery
Tony Marabella,13,364,mystery
Tony Miller,5,152,mystery
Tony and Sheri Aprile,2,42,lost
Tony and Sheri Aprile,3,70,lost
Trabuca Treasure,4,105,legend
Traci Kenley and Bill Rundle,12,296,lost
Tracy Davis,5,140,wanted
Tracy Kirkpatrick,3,77,murder
Tracy Wofford-Bunn,4,121,murder
Tracy Wofford-Bunn,4,129,murder
Travis Wade Duncan,6,173,wanted
Travis Wade Duncan,6,187,wanted
Travis Wade Duncan,7,201,wanted
Travis Wade Duncan,7,217,wanted
Trent Fouts,9,275,wanted
Trent Fouts,10,285,wanted
Trish Zemba,9,255,mystery
Trisha Autry,12,300,lost
Trudy Darby,4,111,murder
Tupac Shakur,9,270,murder
Tyger and Archie Hoag,7,224,wanted
Tyler,4,95,mystery
Tyler,4,96,mystery
Tyler,4,98,mystery
Tyler,4,117,mystery
Tyrom Theis/Shannon Smith,7,210,wanted
US Marine Corps Helicopter Crash,9,268,mystery
United Kingdom Crop Circles,2,46,legend
United Kingdom Crop Circles,2,59,legend
Vallejo Armored Car Murders,4,120,murder
Vallejo Armored Car Murders,4,126,murder
Valley Bank Robbery,4,114,wanted
Vancouver Lights,3,72,mystery
Vancouver Lights,3,83,mystery
Vernicy Bradford,6,184,lost
Vicki Acs,3,78,lost
Victor Gerena,6,183,wanted
Victoria Doroshenko,3,68,mystery
Victorio Peak Treasure,1,24,legend
Victorio Peak Treasure,1,28,legend
Victorio Peak Treasure,2,48,legend
Vince Foster,8,245,mystery
Wadada,6,182,wanted
Wade Mitchell Parker,6,171,wanted
Wade Mitchell Parker,7,218,wanted
Walk-Ins,11,291,legend
Wallace Thrasher,7,213,wanted
Wally Spencer,6,168,mystery
Wally Spencer,6,185,mystery
Walter Wenke,1,17,wanted
Wardell Ford/Larry Chism,2,42,wanted
Warner Jane Doe,4,108,murder
Warren Fulton and Rachael Raver,12,328,murder
Wendi Long,12,344,lost
Wendi Long,13,383,lost
"Wendy Camp, Cynthia Britto, and Lisa Kregear",6,169,lost
Wendy Von Huben,10,284,lost
West End Baptist Church,2,42,mystery
West End Baptist Church,12,336,mystery
Whitey Bulger and Catherine Greig,9,262,wanted
Wil Hendrick,12,314,lost
William Eugene Hillard,2,43,wanted
William Eugene Hilliard,2,30,wanted
William Eugene Hilliard,2,36,wanted
William Fischer,13,378,wanted
William John Wood,4,109,wanted
William Jordan,9,255,wanted
William Jordan,12,331,wanted
William Korioth,5,140,wanted
William Korioth,5,141,wanted
William L. Toomey,2,51,mystery
William McGeehee,2,35,wanted
William Pelletiere,9,260,lost
William Pelletiere,9,273,lost
William Slagle/Rafael Rodriguez,2,46,wanted
Windy Korioth,5,140,lost
Windy Korioth,5,141,lost
Woods Home,10,284,legend
Woody Kelly,2,39,wanted
Wyrick House,7,202,legend
Wyrick House,13,351,mystery
Wytheville UFO Sightings,4,113,mystery
Wytheville UFO Sightings,4,124,mystery
Yamashita's Treasure,5,147,legend
Yamashita's Treasure,5,162,legend
Yefim Shubentsov,12,309,mystery
Yves-Emmanuel Pain and Laurent Hernas,6,196,lost
Zenith Helton,9,264,lost
Zip Gun Bomber,9,264,wanted
the Gray Man's Ghost at Pawley's Island,3,66,legend
the story of Ogopogo,2,47,legend
two women's search for their long lost brother,9,270,lost
woman vanishes,7,224,other
