seg_name,seg.outcome,s_num,ep_num
NA,NA,NA,NA
Don Kemp,unsolved,1,Special_1_with_Raymond_Burr
Roger Wheeler,solved,1,Special_1_with_Raymond_Burr
Brian Halloran,solved,1,Special_1_with_Raymond_Burr
John Callahan,solved,1,Special_1_with_Raymond_Burr
The Family of Pat Mealbach,unresolved,1,Special_1_with_Raymond_Burr
Terry Lee Conner and Joseph Dougherty,captured,1,Special_1_with_Raymond_Burr
Leo Koury,solved,1,Special_1_with_Raymond_Burr
Donald Eugene Webb,solved,1,Special_1_with_Raymond_Burr
Victor Gerena,wanted,1,Special_1_with_Raymond_Burr
Claude Dallas,captured,1,Special_1_with_Raymond_Burr
James Dyess,captured,1,Special_1_with_Raymond_Burr
Danny Weeks,captured,1,Special_1_with_Raymond_Burr
Thomas Harrelson,captured,1,Special_1_with_Raymond_Burr
Robert Litchfield,captured,1,Special_1_with_Raymond_Burr
Wanda Jean Mays,solved,1,Special_2_with_Karl_Malden
John Burns,captured,1,Special_2_with_Karl_Malden
Kyra Cook,unresolved,1,Special_2_with_Karl_Malden
Rolex Robbers,unresolved,1,Special_2_with_Karl_Malden
Robert Weeks,captured,1,Special_2_with_Karl_Malden
The Unabomber,captured,1,Special_3_with_Karl_Malden
John Burns,captured,1,Special_3_with_Karl_Malden
Robert Weeks,captured,1,Special_3_with_Karl_Malden
John Lutter,unresolved,1,Special_3_with_Karl_Malden
Glenn Consagra,unresolved,1,Special_3_with_Karl_Malden
Freddie Douberley and Mary Lou Holmes,unresolved,1,Special_3_with_Karl_Malden
Heirs of George Marsh,solved,1,Special_3_with_Karl_Malden
David Davis,captured,1,Special_4_with_Robert_Stack
David Davis,captured,1,Special_4_with_Robert_Stack
Heirs of George Marsh,solved,1,Special_4_with_Robert_Stack
Aileen Conway,unsolved,1,Special_4_with_Robert_Stack
Glen and Bessie Hyde,unsolved,1,Special_4_with_Robert_Stack
Kolb Skeleton,unresolved,1,Special_4_with_Robert_Stack
Dottie Caylor,unsolved,1,Special_4_with_Robert_Stack
Missy Munday,solved,1,Special_5_with_Robert_Stack
Jerry Strickland,captured,1,Special_5_with_Robert_Stack
Elmer DeBoer,solved,1,Special_5_with_Robert_Stack
Michael Martin,unresolved,1,Special_5_with_Robert_Stack
Kurt McFall,unsolved,1,Special_5_with_Robert_Stack
Heirs of Charlie Scheel,solved,1,Special_5_with_Robert_Stack
Michael Kurcsics,solved,1,Special_6_with_Robert_Stack
John DeMars,solved,1,Special_6_with_Robert_Stack
Susan Jacobson,solved,1,Special_6_with_Robert_Stack
Lori Zimmerman,unsolved,1,Special_6_with_Robert_Stack
Missy Munday,solved,1,Special_6_with_Robert_Stack
Jerry Strickland,captured,1,Special_6_with_Robert_Stack
Steve Hadley,captured,1,Special_6_with_Robert_Stack
Undelivered WWII Letters,solved,1,Special_6_with_Robert_Stack
Doreen Picard,unresolved,1,Special_7_with_Robert_Stack
Louis Carlucci,captured,1,Special_7_with_Robert_Stack
Robert Weeks,captured,1,Special_7_with_Robert_Stack
Roger Wheeler,solved,1,Special_7_with_Robert_Stack
Diane Brodbeck,solved,1,Special_7_with_Robert_Stack
Jon Yount,captured,1,Special_7_with_Robert_Stack
Beale's Treasure,unresolved,1,Special_7_with_Robert_Stack
Gulf Breeze UFO,unresolved,1,Episode_1
Louis Carlucci,captured,1,Episode_1
Joe Shepherd,captured,1,Episode_1
Gail DeLano,solved,1,Episode_1
D.B. Cooper,wanted,1,Episode_2
Jon Yount,captured,1,Episode_2
Diane Brodbeck,solved,1,Episode_2
Steve Hadley,captured,1,Episode_2
Don Henry and Kevin Ives,unresolved,1,Episode_2
Dennis Walker,unresolved,1,Episode_2
The Queen Mary,unsolvedlinks,1,Episode_3
Tallman House,unsolvedlinks,1,Episode_3
The General Wayne Inn,unsolved,1,Episode_3
Tatum House,unsolvedlinks,1,Episode_3
Son of Sam,unresolved,1,Episode_4
Heirs of Walter Green,unresolved,1,Episode_4
Harold and Thelma Swain,unresolved,1,Episode_4
Chevy Chase Bandit,captured,1,Episode_4
John William Farr,wanted,1,Episode_4
Shotgun Bandit,wantedlinks,1,Episode_4
Shopping Bag Bandits,captured,1,Episode_4
Bob Dozier and John Russell,captured,1,Episode_5
Kristen Tomlin and Suzanne Russell,unresolved,1,Episode_5
Rolex Robbers,unresolved,1,Episode_5
The Father of Janet O'Regan,solved,1,Episode_5
Son of Sam,unresolved,1,Episode_5
Annie Hearin,unresolved,1,Episode_5
Christi Nichols,unsolved,1,Episode_6
Gail DeLano,solved,1,Episode_6
Mark Adams,captured,1,Episode_6
Steven Cox,captured,1,Episode_6
Barbara Jean Horn,unresolved,1,Episode_6
Kurt Sova,unsolved,1,Episode_7
Eugene Kvet,unsolvedlinks,1,Episode_7
Shopping Bag Bandits,captured,1,Episode_7
Bob Dozier and John Russell,captured,1,Episode_7
Lancaster Extortion Writer,unresolved,1,Episode_7
Father Reynaldo Rivera,unsolved,1,Episode_7
Father John Kerrigan,unsolved,1,Episode_7
Mystery Rock,unsolvedlinks,1,Episode_7
Ann Sigmin and Garey Goff,unresolved,1,Episode_8
Don Henry and Kevin Ives,unresolved,1,Episode_8
Steven Cox,captured,1,Episode_8
Robert Matthews,unsolvedlinks,1,Episode_8
Kristina Florence,unsolvedlinks,1,Episode_8
Rogest Cain,unsolved,1,Episode_8
Jenny Pratt,unsolved,1,Episode_9
Joe Shepherd,captured,1,Episode_9
Jack Quinn,wanted,1,Episode_9
Clarence and Geneva Roberts,unresolved,1,Episode_9
Bruno and Bobo,unresolved,1,Episode_9
Philip Pelletier,solved,1,Episode_10
Lancaster Extortion Writer,unresolved,1,Episode_10
Steven Cox,captured,1,Episode_10
Matthew Chase,solved,1,Episode_10
Marilu Geri,unsolved,1,Episode_10
The Family of Dolores Valadez,unsolved,1,Episode_10
Lee Selwyn,solved,1,Episode_11
Steven Cox,captured,1,Episode_11
Michael Rosenblum,unresolved,1,Episode_11
Rogest Cain,unsolved,1,Episode_11
Arthur Frankford,captured,1,Episode_11
Jeremy Bright,unsolved,1,Episode_12
John Martin,solved,1,Episode_12
Heirs of Dan Willans,unresolved,1,Episode_12
Leo Koury,solved,1,Episode_12
Michaela Garecht,unresolved,1,Episode_12
Amber Swartz,unresolved,1,Episode_12
The Crew of the Liebling,unsolved,1,Episode_12
Micki Jo West,unresolved,1,Episode_13
David Davis,captured,1,Episode_13
David Davis,captured,1,Episode_13
The Brother of Sylvia Wemhoff,solved,1,Episode_13
Margaret Murphy,unsolved,1,Episode_13
Marlene Santana,unsolved,1,Episode_13
Carlina White,solved,1,Episode_13
Christopher Abeyta,unsolved,1,Episode_13
The Bald Mountain Shooters,unresolved,1,Episode_13
Robert Leads,captured,1,Episode_13
Face on Mars,solved,1,Episode_14
Arthur Frankford,captured,1,Episode_14
Kathy Hobbs,solved,1,Episode_14
Philip Pelletier,solved,1,Episode_14
Jackie Harrington,solved,1,Episode_14
Angelo Desideri,solved,1,Episode_14
Frank Morris and the Anglin Brothers,wanted,1,Episode_15
Jean Marie Gagnon,captured,1,Episode_15
Thomas Nauss Jr.,captured,1,Episode_15
Carl Alfred Eder,wanted,1,Episode_15
Lena Regina Smith,captured,1,Episode_15
Joseph Mancini,captured,1,Episode_15
Mickey and Trudy Thompson,unresolved,1,Episode_16
The Bald Mountain Shooters,unresolved,1,Episode_16
Crazy Glue Bandit,captured,1,Episode_16
Bigfoot,unsolvedlinks,1,Episode_16
Heirs of George J. Stein,unsolved,1,Episode_16
Joyce McLain,solved,1,Episode_16
Jean Marie Gagnon,captured,1,Episode_16
Burrowing Burglars,unresolved,1,Episode_17
Kristle Merzlock,unsolvedlinks,1,Episode_17
Thomas Sawyer,unsolved,1,Episode_17
Robert Leads,captured,1,Episode_17
Walter Wenke,wanted,1,Episode_17
Ronald Denslow,captured,1,Episode_17
Permon Gilbert,unsolved,1,Episode_17
Donald Smith,unsolved,1,Episode_18
Larry Monroe,wantedlinks,1,Episode_18
Brushy Bill Roberts,unresolved,1,Episode_18
Jean Marie Gagnon,captured,1,Episode_18
Charles Mule,captured,1,Episode_18
Lisa Marie Kimmell,solved,1,Episode_19
Louis Carlucci,captured,1,Episode_19
Lost Dutchman Mine,unsolved,1,Episode_19
Thomas Hotard and Audrey Moate,unsolved,1,Episode_19
Thomas Hotard and Audrey Moate,unsolved,1,Episode_19
John Mooney,captured,1,Episode_20
Liz Carmichael,captured,1,Episode_20
Annie Hearin,unresolved,1,Episode_20
Terri McClure,unresolved,1,Episode_20
Charles Wickman,captured,1,Episode_20
Dexter Stefonek,unsolved,1,Episode_21
Jorge Cortez,wantedlinks,1,Episode_21
Heirs of Dan Willans,unresolved,1,Episode_21
Fumbles,captured,1,Episode_21
Michael and Sharon Mohon,captured,1,Episode_21
Larry Dennis Miller,solved,1,Episode_21
Curtis Watson,captured,1,Episode_21
Joseph Hutchinson,captured,1,Episode_21
Gus Hoffman,unresolved,1,Episode_22
Matthew Chase,solved,1,Episode_22
Ron Rushton,captured,1,Episode_22
Patsy Wright,unsolved,1,Episode_22
The Families of the S.S. Muskogee Crew,solved,1,Episode_22
Julie Cross,solved,1,Episode_23
Angelo Desideri,solved,1,Episode_23
Bicycle Bandit,captured,1,Episode_23
Kathy Power,captured,1,Episode_23
Charles Nungesser and Francois Coli,unsolved,1,Episode_23
Victorio Peak Treasure,unresolved,1,Episode_24
Kari Lynn Nixon,solved,1,Episode_24
David Rhodes,captured,1,Episode_24
Keelan and David J. Rhodes,solved,1,Episode_24
Sheldon Weinberg,captured,1,Episode_25
Gulf Breeze UFO,unresolved,1,Episode_25
Joe Shepherd,captured,1,Episode_25
Marlene Santana,unsolved,1,Episode_25
Carlina White,solved,1,Episode_25
Christopher Abeyta,unsolved,1,Episode_25
Barbara Jean Horn,unresolved,1,Episode_26
Liz Carmichael,captured,1,Episode_26
The Brother of Sylvia Wemhoff,solved,1,Episode_26
Mike Riemer,unresolved,1,Episode_27
Diana Robertson,unresolved,1,Episode_27
Stephen Harkins and Ruth Cooper,unsolved,1,Episode_27
David Rhodes,captured,1,Episode_27
Keelan and David J. Rhodes,solved,1,Episode_27
Michael and Sharon Mohon,captured,1,Episode_27
Patsy Wright,unsolved,1,Episode_27
Jackie Harrington,solved,1,Episode_27
Todd McAfee,unresolved,1,Episode_28
Ronald Denslow,captured,1,Episode_28
Joseph Hutchinson,captured,1,Episode_28
Victorio Peak Treasure,unresolved,1,Episode_28
The Families of the S.S. Muskogee Crew,solved,1,Episode_28
Charles Mule,captured,2,Episode_29
Lt. Karen Stephens,solved,2,Episode_29
Roswell Crash,unresolved,2,Episode_29
Tara Calico,unsolved,2,Episode_29
Michael Henley,solved,2,Episode_29
Jack Brown,unsolved,2,Episode_30
Blinking Crucifix,unresolved,2,Episode_30
Sheldon Weinberg,captured,2,Episode_30
Robert Dennie,captured,2,Episode_30
Melvin Edward Mays,captured,2,Episode_30
Leslie Isben Rogge,captured,2,Episode_30
William Eugene Hilliard,captured,2,Episode_30
Kay Hall,solved,2,Episode_31
Lt. Karen Stephens,solved,2,Episode_31
New York Coin Scam,unsolvedlinks,2,Episode_31
Mabel Wood,unsolved,2,Episode_31
The Crew of the Sarah Joe,unresolved,2,Episode_31
Avery Norris,solved,2,Episode_31
Greg Webb,captured,2,Episode_32
Billie and Joey Rogers,solved,2,Episode_32
John Mooney,captured,2,Episode_32
Gary and Terry Magno,captured,2,Episode_32
Dale Kerstetter,unsolved,2,Episode_33
The Brother of Sylvia Wemhoff,solved,2,Episode_33
Marfa Lights,unresolved,2,Episode_33
Jay Cook and Tanya Van Cuylenborg,solved,2,Episode_33
Bonnie Wilder,captured,2,Episode_33
Julie Weflen,unsolved,2,Episode_33
Chevy Chase Bandit,captured,2,Episode_34
Louis Carlucci,captured,2,Episode_34
Rudolf Hess,unresolved,2,Episode_34
Patricia Meehan,unsolved,2,Episode_34
Tina Jefferson,solved,2,Episode_34
Gary and Terry Magno,captured,2,Episode_34
Billie and Joey Rogers,solved,2,Episode_34
Doyle Wheeler,unsolvedlinks,2,Episode_35
Salvatore Caruana,wanted,2,Episode_35
Douglas Alan Costa,captured,2,Episode_35
Lewis Michael Geiger,wanted,2,Episode_35
Lavada Floyd,captured,2,Episode_35
Richard Green,captured,2,Episode_35
Richard Joseph Alvarado,captured,2,Episode_35
Charles Wickman,captured,2,Episode_35
Rachael Runyan,unsolved,2,Episode_35
Gene Flannes,captured,2,Episode_35
Rhonda Hinson,unsolved,2,Episode_36
William Eugene Hilliard,captured,2,Episode_36
Ann Corricelli and Lena Marie Wilson,unresolved,2,Episode_36
Heirs of Howard Drummond,solved,2,Episode_36
Don Hamilton,unsolved,2,Episode_36
Sonny Liston,unsolved,2,Episode_37
Billie and Joey Rogers,solved,2,Episode_37
Bill and Cynthia Zelinski,solved,2,Episode_37
Elizabeth Campbell,unsolved,2,Episode_37
Crash and Dash Robberies,unresolved,2,Episode_37
Maria Armstrong,captured,2,Episode_38
Robert Dennie,captured,2,Episode_38
The Friend of Stephan Ross,solved,2,Episode_38
Ralph Sigler,unsolved,2,Episode_38
Charles Wilson Chester,captured,2,Episode_38
Tandem Bandits,wantedlinks,2,Episode_38
Medusa Bandit,wantedlinks,2,Episode_38
Garbage Bag Bandit,wanted,2,Episode_38
Shorts Robber,wanted,2,Episode_38
John Hawkins,captured,2,Episode_39
Woody Kelly,wanted,2,Episode_39
David Fisher,captured,2,Episode_39
Laura Burbank,solved,2,Episode_39
Carla Wright,unsolved,2,Episode_39
Michella Welch,solved,2,Episode_39
Jenny Bastian,solved,2,Episode_39
The Siblings of LeeAnn Robinson,solved,2,Episode_39
Leslie Isben Rogge,captured,2,Episode_39
Ed Barbara,solved,2,Episode_40
Avery Norris,solved,2,Episode_40
Rae Ann Mossor,unsolved,2,Episode_40
The Children of Georgia Tann,solved,2,Episode_40
Donald Eugene Webb,solved,2,Episode_40
The Hatbox Baby,solved,2,Episode_41
John Branion,unresolved,2,Episode_41
Donna Branion,unresolved,2,Episode_41
Alberta Elaine Schambier,solved,2,Episode_41
Cynthia Anderson,unsolved,2,Episode_42
Ann Corricelli and Lena Marie Wilson,unresolved,2,Episode_42
West End Baptist Church,unsolved,2,Episode_42
Melvine Aprile,captured,2,Episode_42
Tony and Sheri Aprile,solved,2,Episode_42
The Signal Mountain Murders,solved,2,Episode_42
Wardell Ford,captured,2,Episode_42
Larry Chism,wanted,2,Episode_42
George Conniff,solved,2,Episode_43
Liz Carmichael,captured,2,Episode_43
Jack Brown,unsolved,2,Episode_43
Blinking Crucifix,unresolved,2,Episode_43
William Eugene Hilliard,captured,2,Episode_43
Brayman Road Attacker,wanted,2,Episode_44
Ray Hickingbotham,unsolved,2,Episode_44
Ann Sigmin and Garey Goff,unresolved,2,Episode_44
Kevin Hughes,solved,2,Episode_44
Robert Miller,solved,2,Episode_44
Mark Groezinger,unsolvedlinks,2,Episode_45
Roswell Crash,unresolved,2,Episode_45
Tara Calico,unsolved,2,Episode_45
Michael Henley,solved,2,Episode_45
Leticia Hernandez,unresolved,2,Episode_45
Jessica Gutierrez,unresolved,2,Episode_45
David Borer,unsolved,2,Episode_45
Malakia Logan,unresolved,2,Episode_45
United Kingdom Crop Circles,unresolved,2,Episode_46
Kenneth Dungee,unsolved,2,Episode_46
Bill and Cynthia Zelinski,solved,2,Episode_46
Keith Reinhard,unsolved,2,Episode_46
Tom Young,unresolved,2,Episode_46
William Slagle,captured,2,Episode_46
Rafael Rodriguez,wantedlinks,2,Episode_46
Charles Morgan,unsolved,2,Episode_47
Ogopogo,unsolvedlinks,2,Episode_47
The Siblings of LeeAnn Robinson,solved,2,Episode_47
Marvin and Sandra Maple,captured,2,Episode_47
Christi and Bobby Baskin,solved,2,Episode_47
Robert Weeks,captured,2,Episode_48
Steven Cox,captured,2,Episode_48
John Mooney,captured,2,Episode_48
Victorio Peak Treasure,unresolved,2,Episode_48
John Burns,captured,2,Episode_48
David Davis,captured,2,Episode_48
David Davis,captured,2,Episode_48
Billie and Joey Rogers,solved,2,Episode_48
Lt. Karen Stephens,solved,2,Episode_48
The Family of Pat Mealbach,unresolved,2,Episode_48
Jenny Pratt,unsolved,2,Episode_48
Georgia Rudolph,unresolved,2,Episode_49
Steve Sandlin,unresolved,2,Episode_49
"John ""Thumper"" Brown",captured,2,Episode_49
Joe Owens,solved,2,Episode_50
The Nanny of Jackie Cooper,unresolved,2,Episode_50
Alejandro Espinoza,unsolved,2,Episode_50
Dale Hyde,captured,2,Episode_50
Marvin and Sandra Maple,captured,2,Episode_50
Christi and Bobby Baskin,solved,2,Episode_50
Linda Sharp,solved,2,Episode_51
David Fisher,captured,2,Episode_51
Laura Burbank,solved,2,Episode_51
Gertrude Pruett,captured,2,Episode_51
Dan Short,solved,2,Episode_51
William L. Toomey,unsolved,2,Episode_51
Laurence Harding Jr.,unsolved,2,Episode_52
Pedro Uribe,wantedlinks,2,Episode_52
Hugo Balbin,unresolved,2,Episode_52
Luis and Ivan Arango,wantedlinks,2,Episode_52
Miguel Villegas,wantedlinks,2,Episode_52
Elmer Locker Jr.,captured,2,Episode_52
John and Cecilia Kealing,captured,2,Episode_52
Sweetheart Swindler,captured,2,Episode_52
Gainesville Killers,captured,2,Episode_52
Fumbles,captured,2,Episode_52
"John ""Thumper"" Brown",captured,2,Episode_53
Kristina Smith,unsolvedlinks,2,Episode_53
Kay Hall,solved,2,Episode_53
New York Coin Scam,unsolvedlinks,2,Episode_53
Mabel Wood,unsolved,2,Episode_53
Teresita Basa,solved,2,Episode_54
Linda Sharp,solved,2,Episode_54
Dewey Demetro,captured,2,Episode_54
Leo Johnson Jr.,captured,2,Episode_54
Jean Anne Freeman,unsolved,2,Episode_54
Las Cruces Bowling Alley Massacre,unsolved,2,Episode_54
Mark S. Newman and Gerald I. Levy,unsolvedlinks,2,Episode_55
Donald M. and Louis G. Keith,unsolvedlinks,2,Episode_55
LaVona and LaVelda Rowe-Richmond,unsolvedlinks,2,Episode_55
Elmer Locker Jr.,captured,2,Episode_55
John and Cecilia Kealing,captured,2,Episode_55
Jesus Penalver,wanted,2,Episode_55
Julio Marco Cruz,captured,2,Episode_55
Pedro Nyego,wantedlinks,2,Episode_55
Blas Canedo,wanted,2,Episode_55
Pablo Rodriguez,wanted,2,Episode_55
Boston Rapist,wanted,2,Episode_55
Bannack Treasure,unsolved,2,Episode_55
Robert Kennedy,unresolved,2,Episode_56
Jackie Harrington,solved,2,Episode_56
Elizabeth Campbell,unsolved,2,Episode_56
Avery Norris,solved,2,Episode_56
Ralph Probst,unsolved,2,Episode_57
Kristina Smith,unsolvedlinks,2,Episode_57
Dale Hyde,captured,2,Episode_57
Fumbles,captured,2,Episode_57
Crash and Dash Robberies,unresolved,2,Episode_57
Marlena Childress,unsolved,2,Episode_58
Sonny Liston,unsolved,2,Episode_58
Gertrude Pruett,captured,2,Episode_58
Jean Anne Freeman,unsolved,2,Episode_58
Gretchen Burford,solved,2,Episode_59
United Kingdom Crop Circles,unresolved,2,Episode_59
Robert Miller,solved,2,Episode_59
Micki Jo West,unresolved,2,Episode_59
Kecksburg UFO,unresolved,3,Episode_60
The Daughter of Lavar Bates,solved,3,Episode_60
Stockton Arsonist,captured,3,Episode_60
Mike Cline,wanted,3,Episode_60
Raymond Scoville,wanted,3,Episode_60
Thomas Geers,captured,3,Episode_60
Michael Lassen,captured,3,Episode_60
Bermuda Triangle,unsolved,3,Episode_61
Clay Taylor,captured,3,Episode_61
Thomas Heck,solved,3,Episode_61
C.W. Roddy,unsolved,3,Episode_61
Gulf Breeze UFO,unresolved,3,Episode_62
Dr. Kenneth Frank,captured,3,Episode_62
Dan Wilson,solved,3,Episode_62
Minnesota Brinks Heist,wanted,3,Episode_62
Stockton Arsonist,captured,3,Episode_62
Stanley Gryziec,unsolved,3,Episode_63
Ed Barbara,solved,3,Episode_63
Kevin Poulsen,captured,3,Episode_63
Charita Harding,solved,3,Episode_63
KROQ Confession,solved,3,Episode_63
The Crew of the Freedon,unsolved,3,Episode_64
The Crew of the Freedon,unsolved,3,Episode_64
Florian Bourch,wantedlinks,3,Episode_64
Maria Armstrong,captured,3,Episode_64
Adam Hecht,unsolved,3,Episode_64
Lunersee Lake Treasure,unsolvedlinks,3,Episode_64
Edgar Kerns,captured,3,Episode_64
Kay Beeman,solved,3,Episode_64
Charita Harding,solved,3,Episode_64
Pamela Mason,solved,3,Episode_65
Rena Paquette,unresolved,3,Episode_65
Danny Paquette,solved,3,Episode_65
The Children of Georgia Tann,solved,3,Episode_65
Robert Corrado,captured,3,Episode_65
Martha Hinkle,solved,3,Episode_65
Kenneth Stanton,captured,3,Episode_65
Pawley's Island,unsolvedlinks,3,Episode_66
David Stone,unresolved,3,Episode_66
Katie,unsolvedlinks,3,Episode_66
Georgia Rudolph,unresolved,3,Episode_66
Kenneth Stanton,captured,3,Episode_66
Kari Lynn Nixon,solved,3,Episode_67
Amelia Earhart,unsolved,3,Episode_67
Richard Church,captured,3,Episode_67
Raymond and Ruth Ann Ritter,solved,3,Episode_67
The Sons of Jim Fontes,solved,3,Episode_68
Catherine and James Durkin,captured,3,Episode_68
Stockton Arsonist,captured,3,Episode_68
O'Neal Moore,unresolved,3,Episode_68
Victoria Doroshenko,unresolved,3,Episode_68
Cowboy Bandit,wanted,3,Episode_68
Norman Ladner,unsolved,3,Episode_69
Charita Harding,solved,3,Episode_69
Dwayne McCorkendale,unsolved,3,Episode_69
Loretto Chapel,unsolved,3,Episode_69
Nyleen Marshall,unsolved,3,Episode_69
Melvine Aprile,captured,3,Episode_70
Tony and Sheri Aprile,solved,3,Episode_70
Coral Polge,unsolved,3,Episode_70
Johnny Lee Wilson,solved,3,Episode_70
Pauline Martz,unresolved,3,Episode_70
Kenneth Engie,unsolvedlinks,3,Episode_70
Morris Davis,unresolved,3,Episode_71
Skeleton Canyon Treasure,unsolved,3,Episode_71
Debbie,unsolved,3,Episode_71
Heirs of Dorothea Allen,solved,3,Episode_71
Mark Dennis,unresolved,3,Episode_72
Kenneth Stanton,captured,3,Episode_72
Ricardo Caputo,captured,3,Episode_72
Vancouver Lights,unsolved,3,Episode_72
Debbie Wolfe,unsolved,3,Episode_73
Edgar Kerns,captured,3,Episode_73
Kay Beeman,solved,3,Episode_73
Conradina Olson,unsolved,3,Episode_73
Geoffrey Sullivan,unresolved,3,Episode_73
Judy Hyams,unresolved,3,Episode_74
Ralph Probst,unsolved,3,Episode_74
Mark S. Newman and Gerald I. Levy,unsolvedlinks,3,Episode_74
Donald M. and Louis G. Keith,unsolvedlinks,3,Episode_74
LaVona and LaVelda Rowe-Richmond,unsolvedlinks,3,Episode_74
Gretchen Burford,solved,3,Episode_74
Russell Evans,unsolved,3,Episode_75
The Sons of Jim Fontes,solved,3,Episode_75
Brad Bishop,wanted,3,Episode_75
Adam's Treasure,unsolvedlinks,3,Episode_75
Thomas Hickey and William McCarthy,captured,3,Episode_75
Arthur Washington Jr.,wanted,3,Episode_75
Juan Jackson,captured,3,Episode_75
Patrick Michael Mitchell,captured,3,Episode_76
Jockey Bandit,captured,3,Episode_76
Mr. Nasty,captured,3,Episode_76
Mary Poppins Bandit,wantedlinks,3,Episode_76
The Family of Victor Simon,solved,3,Episode_76
Joe Smith,captured,3,Episode_76
Kelsay House,unsolved,3,Episode_76
Tracey Kirkpatrick,unsolved,3,Episode_77
Amelia Earhart,unsolved,3,Episode_77
Steve Wilson,captured,3,Episode_77
Frank Bloomer,solved,3,Episode_77
John Irwin,captured,3,Episode_77
Dorothea Irwin,unresolved,3,Episode_77
Betty Cash and Vickie Landrum,unsolved,3,Episode_78
Monica Bonilla,solved,3,Episode_78
Nyleen Marshall,unsolved,3,Episode_78
Obia-Man,wantedlinks,3,Episode_78
Vicki Acs,unsolved,3,Episode_78
Cindy James,unsolved,3,Episode_79
Paloma Gibson,solved,3,Episode_79
Melody Martin,captured,3,Episode_79
Butch Cassidy,unresolved,3,Episode_79
The Siblings of Aleatha Evertz,solved,3,Episode_79
Butcher Of Kingsbury Run,unsolved,3,Episode_80
Chuck Smith,captured,3,Episode_80
Charles and Christopher Smith,solved,3,Episode_80
Michael Francke,unresolved,3,Episode_80
Thomas Hickey and William McCarthy,captured,3,Episode_80
Juan Jackson,captured,3,Episode_80
Oded Gordon,unsolved,3,Episode_80
Edward Maynard,captured,3,Episode_81
Kecksburg UFO,unresolved,3,Episode_81
The Daughter of Lavar Bates,solved,3,Episode_81
Crystal Spencer,unsolvedlinks,3,Episode_82
John Irwin,captured,3,Episode_82
Joe Smith,captured,3,Episode_82
Judy Hyams,unresolved,3,Episode_82
Dennis DePue,solved,3,Episode_82
Dennis DePue,solved,3,Episode_83
Pat Fagan,captured,3,Episode_83
Brandon Fagan,solved,3,Episode_83
Dan Wilson,solved,3,Episode_83
Vancouver Lights,unsolved,3,Episode_83
Dr. Kenneth Frank,captured,3,Episode_83
Richard Bocklage,wantedlinks,3,Episode_84
Edward Maynard,captured,3,Episode_84
Lt. Paul Whipkey,unsolved,3,Episode_84
Lt. Charlie Guess,unsolvedlinks,3,Episode_84
Gary Bickford,unresolved,3,Episode_84
Astarte Davis,captured,3,Episode_84
Jim Rice,unresolved,3,Episode_84
Pat Fagan,captured,3,Episode_84
Brandon Fagan,solved,3,Episode_84
Rafael Camarena,captured,3,Episode_85
Dennis DePue,solved,3,Episode_85
The Father of Jeannie Wagner,solved,3,Episode_85
Gregory Barker,captured,3,Episode_85
The Parents of Jeri Graves,solved,3,Episode_85
KROQ Confession,solved,3,Episode_86
Angela Cummings,unresolved,3,Episode_86
Sacramento Thrill Killer,captured,3,Episode_86
The Countess,captured,3,Episode_86
Bobbie Oberholtzer and Annette Schnee,solved,3,Episode_86
The Sisters of Jackie Dragon,solved,3,Episode_86
Gregory Barker,captured,3,Episode_86
Ryan Stallings,solved,3,Episode_87
Patricia Stallings,solved,3,Episode_87
Amelia Earhart,unsolved,3,Episode_87
Minnesota Brinks Heist,wanted,3,Episode_87
Tony Alamo,captured,3,Episode_88
Lester Garnier,unsolved,3,Episode_88
Katie,unsolvedlinks,3,Episode_88
Richard Church,captured,3,Episode_88
Raymond and Ruth Ann Ritter,solved,3,Episode_88
James Donald King,captured,3,Episode_89
Norman Ladner,unsolved,3,Episode_89
Loretto Chapel,unsolved,3,Episode_89
Mark Groezinger,unsolvedlinks,3,Episode_89
Melvin and Daniel Nellis,solved,3,Episode_90
Michael Rosenblum,unresolved,3,Episode_90
New York Coin Scam,unsolvedlinks,3,Episode_90
The Signal Mountain Murders,solved,3,Episode_90
Lesa Lee,captured,3,Episode_91
Sweetheart Swindler,captured,3,Episode_91
The Countess,captured,3,Episode_91
Tony Alamo,captured,3,Episode_91
Rafael Camarena,captured,3,Episode_91
Bermuda Triangle,unsolved,3,Episode_92
Kevin Poulsen,captured,3,Episode_92
Ryan Stallings,solved,3,Episode_92
Patricia Stallings,solved,3,Episode_92
Pat Fagan,captured,3,Episode_92
Brandon Fagan,solved,3,Episode_92
Rendlesham Forest Incident,unsolvedlinks,4,Episode_93
Shane Stewart and Sally McNelly,unsolved,4,Episode_93
The Mother of Carla Downing,solved,4,Episode_93
John Wilkes Booth,solved,4,Episode_94
Paloma Gibson,solved,4,Episode_94
Melody Martin,captured,4,Episode_94
Art Silva,captured,4,Episode_94
Alex Cooper,solved,4,Episode_94
Tyler,solved,4,Episode_95
Joe Maloney,wanted,4,Episode_95
The Shroud Of Turin,unresolved,4,Episode_95
Ethel Kidd,solved,4,Episode_95
Art Silva,captured,4,Episode_95
Connecticut River Valley Killer,wanted,4,Episode_96
The Father of Jeannie Wagner,solved,4,Episode_96
Judge John Fairbanks,solved,4,Episode_96
Paul and Paula Scribner,solved,4,Episode_96
Tyler,solved,4,Episode_96
Baron 52,unresolved,4,Episode_97
David O'Neil,unresolved,4,Episode_97
Martha Hinkle,solved,4,Episode_97
Paul Stamper,captured,4,Episode_97
Josephine White,captured,4,Episode_97
Tommy Gibson,unresolved,4,Episode_98
Tyler,solved,4,Episode_98
Jim Burnside,captured,4,Episode_98
John Novotny,solved,4,Episode_98
Gary Gibson,solved,4,Episode_98
St. James Hotel,unsolvedlinks,4,Episode_99
Harden House,unsolved,4,Episode_99
John Harden,unsolved,4,Episode_99
Mary Ann Perez,solved,4,Episode_99
Dr. John Anderson,captured,4,Episode_99
Marie Hilley,solved,4,Episode_100_.22The_Diabolical_Mind.22
G. Daniel Walker,unresolved,4,Episode_100_.22The_Diabolical_Mind.22
"Joan, Michelle, and Christe Rogers",solved,4,Episode_100_.22The_Diabolical_Mind.22
Sharon Johnson,unsolved,4,Episode_101
Sugar,unsolved,4,Episode_101
Roger Dean,solved,4,Episode_101
Joe Smith,captured,4,Episode_101
Liza Montgomery,captured,4,Episode_101
Deborah Poe,unsolved,4,Episode_101
Donna Callahan,solved,4,Episode_101
Darlene Messer,unsolved,4,Episode_101
Arthur Jones,solved,4,Episode_101
Sherry Eyerly,unresolved,4,Episode_102
Kathy Bonderson,solved,4,Episode_102
Butcher Of Kingsbury Run,unsolved,4,Episode_102
Sarah DiGennaro,unsolved,4,Episode_102
Televangelist Bomber,wanted,4,Episode_103
Ryan Stallings,solved,4,Episode_103
Patricia Stallings,solved,4,Episode_103
Savior of Cathy Loving,solved,4,Episode_103
Beverly McGowan,unresolved,4,Episode_103
Robin Stevens and Sherry Seymour,captured,4,Episode_103
Belgium UFO,unsolved,4,Episode_104
The Mother of Carla Downing,solved,4,Episode_104
Ellie Taylor,unsolved,4,Episode_104
Patrick Ackles,unsolved,4,Episode_104
Fred Gardner,solved,4,Episode_104
Robert Hamrick,unsolved,4,Episode_104
Philip Breen,wanted,4,Episode_104
Bo Tanner,captured,4,Episode_105
The Mother of Barbara Smith and Barbara Ratner,solved,4,Episode_105
Jeffrey Digman,unsolved,4,Episode_105
Church Arsonist,captured,4,Episode_105
Paul Stamper,captured,4,Episode_105
Trabuca Treasure,unsolved,4,Episode_105
Teresita Basa,solved,4,Episode_105
Michael St. Clair and Dennis Reese,captured,4,Episode_106
Dan Tondevold,wanted,4,Episode_106
Melvin and Daniel Nellis,solved,4,Episode_106
Annie Currie,unsolved,4,Episode_106
Joey Moss,solved,4,Episode_106
Jerry Moss,captured,4,Episode_106
Robin Stevens and Sherry Seymour,captured,4,Episode_106
Chad Maurer,unsolved,4,Episode_107
John Novotny,solved,4,Episode_107
Lorene Roberts,solved,4,Episode_107
Emma Figueroa,wantedlinks,4,Episode_107
Luis Herrera,wanted,4,Episode_107
Pedro Pumajero,wanted,4,Episode_107
Jose Rubio,wanted,4,Episode_107
Eduwigis Escalante,wanted,4,Episode_107
Juan Carlos Pereira,wanted,4,Episode_107
Heath Vess,solved,4,Episode_107
Larry Race,unresolved,4,Episode_108
Debbie Race,unresolved,4,Episode_108
Jim Burnside,captured,4,Episode_108
Warner Jane Doe,unresolved,4,Episode_108
Pat Farmer,captured,4,Episode_108
Jerad Peters,solved,4,Episode_108
Helen Rose,solved,4,Episode_108
Philip Innes Fraser,unsolved,4,Episode_109
The Crew of the Casie Nicole,unsolvedlinks,4,Episode_109
The Child of Mac McDonald,solved,4,Episode_109
William John Wood,captured,4,Episode_109
Madeline and Ada Underwood,solved,4,Episode_110
Connecticut River Valley Killer,wanted,4,Episode_110
Kathy Bonderson,solved,4,Episode_110
Adam's Treasure,unsolvedlinks,4,Episode_110
Todd Mueller,captured,4,Episode_110
Paul and Paula Scribner,solved,4,Episode_110
Medjugorje Miracles,unsolvedlinks,4,Episode_111
Levia Molinari,captured,4,Episode_111
Nicholas Karopoulos,solved,4,Episode_111
Angela Hammond,unsolved,4,Episode_111
Trudy Darby,solved,4,Episode_111
Cheryl Kenney,unsolved,4,Episode_111
Lee Young,unsolvedlinks,4,Episode_111
Rose Marie Platt,solved,4,Episode_112
Robin Stevens and Sherry Seymour,captured,4,Episode_112
James White,captured,4,Episode_112
Yeti,unresolved,4,Episode_112
Stanton Bones,unsolved,4,Episode_112
Wytheville UFO Sightings,unsolved,4,Episode_113
Joey Moss,solved,4,Episode_113
Charles Warren Boomer,captured,4,Episode_113
Ohio Prostitute Killer,unresolved,4,Episode_113
Gregory Barker,captured,4,Episode_113
Dale Hyde,captured,4,Episode_113
John Irwin,captured,4,Episode_113
Beaty Castle,unsolved,4,Episode_113
Robert Kennedy,unresolved,4,Episode_113
Valley Bank Robbery,captured,4,Episode_114
Angeline Dewey,solved,4,Episode_114
Heath Vess,solved,4,Episode_114
Cheryl Holland,captured,4,Episode_114
Pizza Restaurant Robbers,captured,4,Episode_115
The Child of Mac McDonald,solved,4,Episode_115
James Russell,solved,4,Episode_115
Darlene and Davida Ebmeier,solved,4,Episode_115
Thomas Manion,solved,4,Episode_115
Madding Family,solved,4,Episode_115
Baron 52,unresolved,4,Episode_115
Paul Stamper,captured,4,Episode_115
Lesa Lee,captured,4,Episode_115
Richard Minns,captured,4,Episode_116
Heirs of Katherine Bennett,solved,4,Episode_116
Alex Cooper,solved,4,Episode_116
Sergio Farina,wantedlinks,4,Episode_116
Marcus Farina,unsolved,4,Episode_116
Santos Family,solved,4,Episode_117
Tommy Gibson,unresolved,4,Episode_117
Tyler,solved,4,Episode_117
Jim Burnside,captured,4,Episode_117
John Novotny,solved,4,Episode_117
Marie Lilienberg and Maria Wahlén,unsolved,4,Episode_118
Amelia Earhart,unsolved,4,Episode_118
The Family of Joe Soll,solved,4,Episode_118
Tom Dixon,wanted,4,Episode_118
Gary Simmons,unresolved,4,Episode_118
The Sisters of Jackie Dragon,solved,4,Episode_118
Richard Condia,captured,4,Episode_118
Jeanne Tovrea,unresolved,4,Episode_119
Judge John Fairbanks,solved,4,Episode_119
Sherry Eyerly,unresolved,4,Episode_119
Sarah DiGennaro,unsolved,4,Episode_119
Vallejo Armored Car Murders,solved,4,Episode_120
Sharon Johnson,unsolved,4,Episode_120
Sugar,unsolved,4,Episode_120
Roger Dean,solved,4,Episode_120
Arthur Jones,solved,4,Episode_120
Liza Montgomery,captured,4,Episode_120
Noah's Ark,unsolvedlinks,4,Episode_121
Levia Molinari,captured,4,Episode_121
Nicholas Karopoulos,solved,4,Episode_121
Tracy Wofford-Bunn,solved,4,Episode_121
Dolores Stradt,solved,4,Episode_121
Colleen Reed,solved,4,Episode_121
Kenneth McDuff,captured,4,Episode_121
Doug Johnston,unsolvedlinks,4,Episode_122
James White,captured,4,Episode_122
Rochester Car Heist,unresolved,4,Episode_122
The Siblings of Martha Smith,solved,4,Episode_122
Chaim Weiss,unsolved,4,Episode_122
Betty Field,captured,4,Episode_123
Christophe Day,solved,4,Episode_123
Cheryl Holland,captured,4,Episode_123
Televangelist Bomber,wanted,4,Episode_123
Savior of Cathy Loving,solved,4,Episode_123
Beverly McGowan,unresolved,4,Episode_123
Bill Henderson,solved,4,Episode_124
Wytheville UFO Sightings,unsolved,4,Episode_124
Charles Warren Boomer,captured,4,Episode_124
Ohio Prostitute Killer,unresolved,4,Episode_124
Beaty Castle,unsolved,4,Episode_124
Robert Kennedy,unresolved,4,Episode_124
Scott Johnson,unsolved,4,Episode_125
Madeline and Ada Underwood,solved,4,Episode_125
Belgium UFO,unsolved,4,Episode_125
Philip Breen,wanted,4,Episode_125
Michelle Fazzani,solved,4,Episode_126
Tom Dixon,wanted,4,Episode_126
Gary Simmons,unresolved,4,Episode_126
Vallejo Armored Car Murders,solved,4,Episode_126
George Owens,unsolved,4,Episode_127
Bill Henderson,solved,4,Episode_127
Doug Johnston,unsolvedlinks,4,Episode_127
The Siblings of Jim Boumgarden,unresolved,4,Episode_128
Rose Marie Platt,solved,4,Episode_128
Sal Guardado,wantedlinks,4,Episode_129
Michelle Fazzani,solved,4,Episode_129
Dolores Stradt,solved,4,Episode_129
Noah's Ark,unsolvedlinks,4,Episode_129
Tracy Wofford-Bunn,solved,4,Episode_129
Tammy Lynn Leppert,unsolved,5,Episode_130
Hudson River UFO,unsolved,5,Episode_130
Paducah Plane Jumper,solved,5,Episode_130
Estelle,solved,5,Episode_130
Mahfuz Huq,captured,5,Episode_131
Champ,unsolvedlinks,5,Episode_131
Pierre April,solved,5,Episode_131
Lorene Roberts,solved,5,Episode_131
Joseph Krantz,captured,5,Episode_131
Martha Doe Roberts,solved,5,Episode_131
Seattle Arsonist,unresolved,5,Episode_132
Huey Long,unresolved,5,Episode_132
Carl Weiss,unresolved,5,Episode_132
James Gilreath,solved,5,Episode_132
David Gordon Smith,captured,5,Episode_133
Jo Beth Smith,solved,5,Episode_133
Clifford Sherwood,unsolved,5,Episode_133
George Gumbly,unsolved,5,Episode_133
Ed Baker,unsolved,5,Episode_133
Paul and Paula Scribner,solved,5,Episode_133
Phillip Anthony Moore,captured,5,Episode_133
Patricia Carlton,solved,5,Episode_134
Charles Warren Boomer,captured,5,Episode_134
Lucie Turmel,solved,5,Episode_134
The Family of Georgia Boyd,solved,5,Episode_134
Little Miss Panasoffkee,unsolved,5,Episode_134
James Gilreath,solved,5,Episode_134
Glenn Loney,unsolved,5,Episode_135
Rhonda and Roxanne Anderson,unsolvedlinks,5,Episode_135
Catherine Webb,unsolved,5,Episode_135
New Orleans Serial Killer,wanted,5,Episode_135
Savior of James Vernon,solved,5,Episode_135
J. D. Method,captured,5,Episode_135
Moss Beach Distillery,unresolved,5,Episode_136
Drum Barracks,unsolvedlinks,5,Episode_136
"Dylene Zolikoff, Scott Merz, and Dawnette Barker",unresolved,5,Episode_136
Pierre April,solved,5,Episode_136
Sandra Evans,solved,5,Episode_136
Falcon Lake UFO,unsolved,5,Episode_137
Jesslyn Rich,unresolved,5,Episode_137
Terry Lucas,unresolved,5,Episode_137
Savior of Cathy Loving,solved,5,Episode_137
A.J. Breaux,unsolved,5,Episode_137
Charles Shelton,unresolved,5,Episode_138
Pat Farmer,captured,5,Episode_138
Jerad Peters,solved,5,Episode_138
Richard McNair,captured,5,Episode_138
Rebecca Young,unsolvedlinks,5,Episode_138
James Gilreath,solved,5,Episode_139
Jaclyn Dowaliby,unresolved,5,Episode_139
Robert Watson,captured,5,Episode_140_.22Special_Live_Edition.22
Cathy Ferner,unsolvedlinks,5,Episode_140_.22Special_Live_Edition.22
William Korioth,captured,5,Episode_140_.22Special_Live_Edition.22
Windy Korioth,solved,5,Episode_140_.22Special_Live_Edition.22
Becky Terry,solved,5,Episode_140_.22Special_Live_Edition.22
"Kimberly, Katie, and Kelly Hurley",solved,5,Episode_140_.22Special_Live_Edition.22
Connie Jo Hamilton,solved,5,Episode_140_.22Special_Live_Edition.22
John Harman,solved,5,Episode_140_.22Special_Live_Edition.22
Tracy Davis,captured,5,Episode_140_.22Special_Live_Edition.22
Michael Hansen,captured,5,Episode_140_.22Special_Live_Edition.22
Cozette Hansen,solved,5,Episode_140_.22Special_Live_Edition.22
Susan Roberts,captured,5,Episode_140_.22Special_Live_Edition.22
Ronald Jr. and Aaron Roberts,image,5,Episode_140_.22Special_Live_Edition.22
Elizabeth Ortiz,captured,5,Episode_140_.22Special_Live_Edition.22
Jonathan Ortiz,solved,5,Episode_140_.22Special_Live_Edition.22
Joseph Rodia,captured,5,Episode_140_.22Special_Live_Edition.22
Ken Dickerson,wanted,5,Episode_140_.22Special_Live_Edition.22
Michelle Fazzani,solved,5,Episode_140_.22Special_Live_Edition.22
Phillip Anthony Moore,captured,5,Episode_140_.22Special_Live_Edition.22
Eva Shoen,solved,5,Episode_141
Becky Terry,solved,5,Episode_141
Windy Korioth,solved,5,Episode_141
William Korioth,captured,5,Episode_141
Kathleen Mary Young,solved,5,Episode_141
Edward Bell,captured,5,Episode_141
Pamela June Ray,unsolved,5,Episode_141
The Black Dahlia,unsolvedlinks,5,Episode_142
Butcher Of Kingsbury Run,unsolved,5,Episode_142
"Erick, Glynda, and Keath Nickerson",solved,5,Episode_142
Hotel Bullock,unsolvedlinks,5,Episode_142
Alexander Olive,unresolved,5,Episode_142
The Bird Road Rapist,unresolved,5,Episode_143
The Bird Road Rapist,unresolved,5,Episode_143
The Family of Charles Stubin,solved,5,Episode_143
Michael Anthony Starr,captured,5,Episode_143
Chucky McGivern,unsolvedlinks,5,Episode_144
The Search of Alexandra Stantzos,unsolved,5,Episode_144
James Russell,solved,5,Episode_144
Darlene and Davida Ebmeier,solved,5,Episode_144
Thomas Manion,solved,5,Episode_144
Madding Family,solved,5,Episode_144
Mickey Allen Samson,unsolvedlinks,5,Episode_144
Fu Teed Wong,unsolvedlinks,5,Episode_144
The Children of Uta Collins,solved,5,Episode_144
Anthonette Cayedito,unsolved,5,Episode_144
The Friend of Russell and Jean Johnson,unsolved,5,Episode_144
Rick McCue,unresolved,5,Episode_145
Alene Courchesne,unresolved,5,Episode_145
Champ,unsolvedlinks,5,Episode_145
Mahfuz Huq,captured,5,Episode_145
Neal Jennings,solved,5,Episode_146
Bill Roberts,captured,5,Episode_146
Charles Warren Boomer,captured,5,Episode_146
Sal Guardado,wantedlinks,5,Episode_146
Patricia Carlton,solved,5,Episode_146
Phillip Anthony Moore,captured,5,Episode_146
Little Miss Panasoffkee,unsolved,5,Episode_146
Yamashita's Treasure,unsolved,5,Episode_147
Kaitlyn Arquette,solved,5,Episode_147
Terry Smith,solved,5,Episode_147
Guardian UFO,unresolved,5,Episode_148
"Erick, Glynda, and Keath Nickerson",solved,5,Episode_148
Lucy,unsolved,5,Episode_148
Larry George,captured,5,Episode_148
The Siblings of Eugene Price,solved,5,Episode_148
Rolando Cruz and Alejandro Hernandez,solved,5,Episode_149
Jeanine Nicarico,solved,5,Episode_149
Connie Jo Hamilton,solved,5,Episode_149
Maureen Keewatincappo,unsolvedlinks,5,Episode_149
Bernie and Calvin Seaton,solved,5,Episode_149
The Siblings of Jim Boumgarden,unresolved,5,Episode_149
Don Decker,unsolved,5,Episode_150
Michael Hunter,unsolvedlinks,5,Episode_150
Tom Hughes,solved,5,Episode_150
Dolores Ford,unresolved,5,Episode_150
The Siblings of Eugene Price,solved,5,Episode_150
Bashir Kouchacji,unsolved,5,Episode_151
Sharon Rogers,unsolved,5,Episode_151
Savior of Phillip Macri,solved,5,Episode_151
Martha Doe Roberts,solved,5,Episode_151
"Dylene Zolikoff, Scott Merz, and Dawnette Barker",unresolved,5,Episode_151
Chad Langford,unsolved,5,Episode_152
Tony Miller,solved,5,Episode_152
Scott Hill,solved,5,Episode_152
Gabby's Bones,solved,5,Episode_152
Danny Casolaro,unsolvedlinks,5,Episode_153
Margaret Wiesner,unsolved,5,Episode_153
Blind River Killer,wanted,5,Episode_153
Blind River Killer,wanted,5,Episode_153
Susan and Shane Hamwi,solved,5,Episode_153
John Purvis,solved,5,Episode_153
Mario Amado,unresolved,5,Episode_154
Falcon Lake UFO,unsolved,5,Episode_154
Savior of Cathy Loving,solved,5,Episode_154
A.J. Breaux,unsolved,5,Episode_154
Dr. Martin Luther King,unresolved,5,Episode_155
J. D. Method,captured,5,Episode_155
New Orleans Serial Killer,wanted,5,Episode_155
Image of Guadalupe,unsolvedlinks,5,Episode_156
Stahl Painting Theft,unsolved,5,Episode_156
Bernie and Calvin Seaton,solved,5,Episode_156
Tom Roche,unresolved,5,Episode_156
David Hurley,unsolved,5,Episode_156
Julius Patterson and Paulette Hite,captured,5,Episode_157
Ramzi Ahmed Yousef,captured,5,Episode_157
Edward Bell,captured,5,Episode_157
Eva Shoen,solved,5,Episode_157
The Father of Jeannie Wagner,solved,5,Episode_157
Dede Rosenthal,unresolved,5,Episode_158
Greg Webb,captured,5,Episode_158
Neal Jennings,solved,5,Episode_158
Bill Roberts,captured,5,Episode_158
Gander Plane Crash,unsolvedlinks,5,Episode_159
Arthur Lloyd,unsolved,5,Episode_159
Nelson DeCloud,captured,5,Episode_159
Becky Terry,solved,5,Episode_159
Eileen Mangold,unresolved,5,Episode_160
David Gordon Smith,captured,5,Episode_160
"Erick, Glynda, and Keath Nickerson",solved,5,Episode_160
Hotel Bullock,unsolvedlinks,5,Episode_160
Alexander Olive,unresolved,5,Episode_160
Tina Resch,unresolved,5,Episode_161
Milk Carton Bandit,wantedlinks,5,Episode_161
Grandpa Bandit,wanted,5,Episode_161
The Parents of Miriam,unresolved,5,Episode_161
The Crew of the L-8,unsolved,5,Episode_161
Reggie DePalma,captured,5,Episode_161
Rick McCue,unresolved,5,Episode_161
Alene Courchesne,unresolved,5,Episode_161
Michael Lloyd Self,unresolved,5,Episode_161
Rhonda Johnson and Sharon Shaw,unresolved,5,Episode_161
Lyle Moody,captured,5,Episode_162
Savior of Phillip Macri,solved,5,Episode_162
Yamashita's Treasure,unsolved,5,Episode_162
Brian Brophil,captured,5,Episode_163
Jaclyn Dowaliby,unresolved,5,Episode_163
Gordon Collins,unsolved,5,Episode_164
Kathleen Mary Young,solved,5,Episode_164
Edward Bell,captured,5,Episode_164
Pierre April,solved,5,Episode_164
Bruce Kelly,unsolvedlinks,6,Episode_165
Nelson DeCloud,captured,6,Episode_165
Cachimba,wantedlinks,6,Episode_165
Jacquelyn Tendall,unsolved,6,Episode_165
Gail Jordan and Dawn Lamont,unsolvedlinks,6,Episode_165
Joan Gay Croft,unsolved,6,Episode_165
Jose Gonzalez,solved,6,Episode_166
Brenda Penniger and Nadine Castelle,solved,6,Episode_166
Frederick Valentich,unsolved,6,Episode_166
Scott Hill,solved,6,Episode_166
Danny Williams,unsolved,6,Episode_166
Anna Anderson,solved,6,Episode_167
Andolina Gonzalez,captured,6,Episode_167
Jerry Gervasoni,captured,6,Episode_167
Ted Loseff,unsolved,6,Episode_168
Wally Spencer,unsolved,6,Episode_168
Lee Selwyn,solved,6,Episode_168
Christopher Kurowski,solved,6,Episode_168
Joseph Prushinowski,captured,6,Episode_169
"Wendy Camp, Cynthia Britto, and Lisa Kregear",solved,6,Episode_169
Madeline Strauss,unsolvedlinks,6,Episode_169
Su-Ya Kim,unsolved,6,Episode_169
Jose Gonzalez,solved,6,Episode_170
Mann House,unsolved,6,Episode_170
Eve Meisel,solved,6,Episode_170
Lisa Ziegert,solved,6,Episode_170
Kathleen Mary Young,solved,6,Episode_170
Rohrey Wychgel,unsolved,6,Episode_170
Jerry Gervasoni,captured,6,Episode_171
The Fatima Miracle,unsolved,6,Episode_171
Wade Mitchell Parker,captured,6,Episode_171
Jim Burke,solved,6,Episode_171
David MacLeod,solved,6,Episode_171
Michael Benka,captured,6,Episode_171
Robert Fritch,wanted,6,Episode_171
Donald Alexander,captured,6,Episode_171
John Grundhofer,unsolved,6,Episode_172
Jill and Julie Hansen,unresolved,6,Episode_172
Michael Seymour,unresolved,6,Episode_172
Travis Wade Duncan,captured,6,Episode_173
Julius Patterson and Paulette Hite,captured,6,Episode_173
The Mona Lisa,solved,6,Episode_173
Doreen Marfeo,unresolved,6,Episode_173
Raymond Young,captured,6,Episode_173
Robert Watson,captured,6,Episode_174
Danny Marino,captured,6,Episode_174
Al Tom and Ricky Nelson,wanted,6,Episode_174
David Brian Williams,captured,6,Episode_174
Christopher Griffin,wantedlinks,6,Episode_174
Derek Leonard Reynolds,captured,6,Episode_174
Larry Costine,unresolved,6,Episode_174
Melissa Jo Sermons,unresolved,6,Episode_174
The Smoker Car Baby,solved,6,Episode_174
Edmonton Rapist,captured,6,Episode_174
Edmonton Rapist,captured,6,Episode_174
Danny Marino,captured,6,Episode_175
Lissette Nukida,captured,6,Episode_175
Saviors of Colleen Frangione,solved,6,Episode_175
Gary Grant Jr.,unsolved,6,Episode_175
Sandy Breed and Bruce Clark,solved,6,Episode_175
Heirs of Donald Mullins,unsolved,6,Episode_175
Heirs of Mary T. Torres,unsolvedlinks,6,Episode_175
Saviors of Colleen Frangione,solved,6,Episode_176
Pam Page,unresolved,6,Episode_176
Bruce Kelly,unsolvedlinks,6,Episode_176
Joan Gay Croft,unsolved,6,Episode_176
The Children of Hilda Craun,solved,6,Episode_177
Cachimba,wantedlinks,6,Episode_177
Jacquelyn Tendall,unsolved,6,Episode_177
Gail Jordan and Dawn Lamont,unsolvedlinks,6,Episode_177
Anna Anderson,solved,6,Episode_177
Shafaa Salem,solved,6,Episode_178
DeFallah Al-Salem,captured,6,Episode_178
Jay Given,unsolved,6,Episode_178
The Friend of Tom Vaughn,solved,6,Episode_178
Eva Shoen,solved,6,Episode_178
Daly City Man,solved,6,Episode_178
Armando Garcia,captured,6,Episode_179
The Countess,captured,6,Episode_179
The Children of Faith Brown,solved,6,Episode_179
Danny Piñeda,captured,6,Episode_179
Dr. George Desmond Graham,captured,6,Episode_179
Joseph Gardner,captured,6,Episode_179
Ronald Oglesby,captured,6,Episode_179
Charles Horvath,unsolved,6,Episode_179
The Children of Faith Brown,solved,6,Episode_180
Grocery Robbers,wantedlinks,6,Episode_180
Ramon Reyes and Louie Velarde,wanted,6,Episode_180
Oklahoma City Convenience Store Robbers,wantedlinks,6,Episode_180
Ted Loseff,unsolved,6,Episode_180
Lee Selwyn,solved,6,Episode_180
Christopher Kurowski,solved,6,Episode_180
Amy Billig,unsolved,6,Episode_181
The Smoker Car Baby,solved,6,Episode_181
Heirs of Walter Rice,unresolved,6,Episode_181
Oliver Munson,unsolved,6,Episode_181
Rose Marie Luttmer,solved,6,Episode_181
San Pedro Mummy,unresolved,6,Episode_182
Andre Jones,unresolved,6,Episode_182
Jerry Gervasoni,captured,6,Episode_182
The Family of Terris Christie Derby,solved,6,Episode_182
Wadada,wantedlinks,6,Episode_182
Resurrection Cemetery,unsolvedlinks,6,Episode_183
Saviors of Colleen Frangione,solved,6,Episode_183
Selena Edon,unsolved,6,Episode_183
Victor Gerena,wanted,6,Episode_183
Filiberto Ojeda Rios,captured,6,Episode_183
Bruce Bradney,unsolvedlinks,6,Episode_183
The Mother of Margaret Smith,solved,6,Episode_183
Kimberly Karen,solved,6,Episode_183
Kimberly Karen,solved,6,Episode_184
Miracle of Lourdes,unsolvedlinks,6,Episode_184
Brian Brophil,captured,6,Episode_184
Dick Hansen,unsolved,6,Episode_184
Vernicy Bradford,solved,6,Episode_184
Joseph Collins,wantedlinks,6,Episode_184
Michael Carmichael and Billy Ray Hargrove,unsolved,6,Episode_185
Wally Spencer,unsolved,6,Episode_185
Eve Meisel,solved,6,Episode_185
David MacLeod,solved,6,Episode_185
Benny Franklin Miller,captured,6,Episode_185
Robert Fritch,wanted,6,Episode_185
Donald Alexander,captured,6,Episode_185
Nova,unsolvedlinks,6,Episode_186
Lady,unsolvedlinks,6,Episode_186
Interceptors,unresolved,6,Episode_186
Danny Marino,captured,6,Episode_186
Dave Bocks,unsolved,6,Episode_186
Tony Lombardi,unsolved,6,Episode_187
The Children of Faith Brown,solved,6,Episode_187
Travis Wade Duncan,captured,6,Episode_187
The Siblings of Eugene Price,solved,6,Episode_187
Carolyn Hebert,unsolvedlinks,6,Episode_188
Elaine Emmi,unsolvedlinks,6,Episode_188
Linda Babb,unsolvedlinks,6,Episode_188
Anita Green,unresolved,6,Episode_188
Filemon Santiago and Gary Miller,captured,6,Episode_188
Jorge Taracena,wanted,6,Episode_188
Cecelia Ortega,wantedlinks,6,Episode_188
Miguel Morales,wantedlinks,6,Episode_188
Dr. Otto Barkeem,wanted,6,Episode_188
Heirs of Charles Lazarus,unsolved,6,Episode_188
Dr. Arvind Sinha,wanted,6,Episode_188
Hugh Harlin,unsolvedlinks,6,Episode_189
Dian Harlin,unsolvedlinks,6,Episode_189
Lissette Nukida,captured,6,Episode_189
Robert Watson,captured,6,Episode_189
Michael Seymour,unresolved,6,Episode_189
Joseph Prushinowski,captured,6,Episode_189
Michael Ziegler,unsolvedlinks,6,Episode_190
George and Marie,unsolvedlinks,6,Episode_190
Pennsylvania Bank Robber,wanted,6,Episode_190
"Deroy King, Jr",wantedlinks,6,Episode_190
Tampa Bay Robber,wanted,6,Episode_190
Miami Robber,wantedlinks,6,Episode_190
Southern California Robber,wantedlinks,6,Episode_190
Jim Pearson,solved,6,Episode_190
David Vieira,captured,6,Episode_190
David Vieira,captured,6,Episode_191
John Cheek,unsolved,6,Episode_191
Kimberly Karen,solved,6,Episode_191
Jill and Julie Hansen,unresolved,6,Episode_191
Madeline Strauss,unsolvedlinks,6,Episode_191
Dutch Schultz Treasure,unresolved,6,Episode_192
Tom Johnson,wanted,6,Episode_192
Lauren Jackson,unsolved,6,Episode_192
Roxann and Kristopher Jeeves,unresolved,6,Episode_192
John and Patti Eggleston,unsolvedlinks,6,Episode_193
Paige Roark,unsolvedlinks,6,Episode_193
The Friend of Tom Vaughn,solved,6,Episode_193
Kelly Finnegan,captured,6,Episode_193
The Father of Kathleen Belcher,unsolvedlinks,6,Episode_193
I-70 Killer,wanted,6,Episode_193
East Stockton John Doe,solved,6,Episode_193
Boston Strangler,unresolved,6,Episode_194
The Daughter of Oscar Norton,unsolved,6,Episode_194
Kevin Wheel,unsolvedlinks,6,Episode_194
Bigfoot,unsolvedlinks,6,Episode_195
Craig Williamson,solved,6,Episode_195
David Vieira,captured,6,Episode_195
Bill and Dorothy Wacker,unsolved,6,Episode_195
Jordan Children,unresolved,6,Episode_195
Janie Halliday,unsolved,6,Episode_195
Estela Vera,unsolved,6,Episode_195
Marilyn Hahnlein,solved,6,Episode_195
Charlie Anderson,unsolved,6,Episode_195
The Parents of Brenda Abbey,solved,6,Episode_195
Joseph Gardner,captured,6,Episode_195
Floyd Travers,captured,6,Episode_195
Heather Tallchief and Roberto Solis,unresolved,6,Episode_195
Ora Prince,captured,6,Episode_195
The Shroud Of Turin,unresolved,6,Episode_196
Yves-Emmanuel Pain and Laurent Hernas,unsolved,6,Episode_196
Janie Halliday,unsolved,6,Episode_196
Estela Vera,unsolved,6,Episode_196
The Parents of Brenda Abbey,solved,6,Episode_196
Hudson River UFO,unsolved,6,Episode_197_.22Mysteries_of_Alien_Beings.22
Roswell Crash,unresolved,6,Episode_197_.22Mysteries_of_Alien_Beings.22
Area 51,unresolved,6,Episode_197_.22Mysteries_of_Alien_Beings.22
The Allagash Abductions,unresolved,6,Episode_197_.22Mysteries_of_Alien_Beings.22
The Ice Man,unsolved,7,Episode_198
Frank Olson,unsolved,7,Episode_198
Larry George,captured,7,Episode_198
La Posada Hotel,unsolvedlinks,7,Episode_199
Jonathan Francia,unresolved,7,Episode_199
John Roubas,solved,7,Episode_199
Elysian Park Treasure,unsolvedlinks,7,Episode_199
Alexander,unsolved,7,Episode_200
The Children of Hilda Craun,solved,7,Episode_200
John Wilkes Booth,solved,7,Episode_200
Betty Landers,unsolvedlinks,7,Episode_201
Lori Smith,unsolvedlinks,7,Episode_201
The Father of Elizabeth Bersanetti,unsolvedlinks,7,Episode_201
Adam Emery,unresolved,7,Episode_201
Phyllis Strub,captured,7,Episode_201
Travis Wade Duncan,captured,7,Episode_201
Alan Verl Sneed,captured,7,Episode_201
Edward Zakrzewski,captured,7,Episode_201
Nasario Palacios,wanted,7,Episode_201
John and Nancy Bosco,solved,7,Episode_202_-_.22Mysteries_of_the_Afterlife.22
Karen Walker,unsolved,7,Episode_202_-_.22Mysteries_of_the_Afterlife.22
Wyrick House,unsolved,7,Episode_202_-_.22Mysteries_of_the_Afterlife.22
Mexico City UFO,unsolvedlinks,7,Episode_203
Sammy Wheeler,solved,7,Episode_203
Gordon Page Jr.,unsolved,7,Episode_203
Circleville Writer,wanted,7,Episode_204
Ron Gillispie,unsolved,7,Episode_204
Agatha Christie,unresolved,7,Episode_204
Jim Pearson,solved,7,Episode_204
Thomas Burkett,unsolved,7,Episode_204
Poverty Island Treasure,unsolved,7,Episode_204
Tim Barry,captured,7,Episode_204
Jennifer Odom,solved,7,Episode_205
Mary Celeste,unsolvedlinks,7,Episode_205
The Parents of Brenda Abbey,solved,7,Episode_205
Saviors of Michele West,solved,7,Episode_205
Neil and Terry Gott,captured,7,Episode_206
Margaret Wilson,unsolvedlinks,7,Episode_206
Robert Borton,unresolved,7,Episode_206
Roy Caffey,solved,7,Episode_206
Gurdon Light,unsolvedlinks,7,Episode_207
Stuart Heaton,solved,7,Episode_207
Krystal Naab,solved,7,Episode_207
Jay Durham,unsolved,7,Episode_207
Marilyn Hahnlein,solved,7,Episode_207
Teryn Hedlund,unsolved,7,Episode_208
Philip Pelletier,solved,7,Episode_208
Jack Davis Jr.,unsolved,7,Episode_209
Hank Jones,unsolvedlinks,7,Episode_209
Dr. David Faux,unsolvedlinks,7,Episode_209
Carol Montrose,unsolved,7,Episode_209
Phillip Thomas,solved,7,Episode_209
Manny Moreno,captured,7,Episode_209
Elwyn Jones,captured,7,Episode_209
John and Linda Sohus,unresolved,7,Episode_210
Christian Karl Gerhartsreiter,captured,7,Episode_210
Phantom Sub,unsolvedlinks,7,Episode_210
Michael O'Mara,unsolvedlinks,7,Episode_210
The Family of Terris Christie Derby,solved,7,Episode_210
Stallings Family,solved,7,Episode_210
Tyrom Theis,wanted,7,Episode_210
Shannon Smith,captured,7,Episode_210
Elwyn Jones,captured,7,Episode_211
Kimberly Pandelios,solved,7,Episode_211
1987 Jane Doe,solved,7,Episode_211
1990 Jane Doe,solved,7,Episode_211
Sumter County Does,unresolved,7,Episode_211
"Sylvan Lazarus, Carl Cobb and Bernard Brady",solved,7,Episode_211
Stallings Family,solved,7,Episode_211
Jeanine Price,unsolvedlinks,7,Episode_212_.22Mysteries_of_the_Psychic_Mind.22
Melanie Uribe,solved,7,Episode_212_.22Mysteries_of_the_Psychic_Mind.22
Kevin Wheel,unsolvedlinks,7,Episode_212_.22Mysteries_of_the_Psychic_Mind.22
Doug Raskin,unsolvedlinks,7,Episode_212_.22Mysteries_of_the_Psychic_Mind.22
Kansas City Arsonist,captured,7,Episode_213
Loretta Myers,solved,7,Episode_213
Wallace Thrasher,unresolved,7,Episode_213
Robert James Palmer,unsolved,7,Episode_213
Rita Faulkner,captured,7,Episode_214
The Search of Helen Elas Conka,solved,7,Episode_214
Kristi Krebs,unsolved,7,Episode_214
Dub Wackerhagen,unresolved,7,Episode_214
Chance Wackerhagen,unsolved,7,Episode_214
Latricia White,unsolved,7,Episode_214
Alamo Treasure,unsolved,7,Episode_215
Randall Utterback,wantedlinks,7,Episode_215
Eric and Pam Ellender,solved,7,Episode_215
Rose Marie Luttmer,solved,7,Episode_215
Alamo Treasure,unsolved,7,Episode_216
Jian Fang,unsolved,7,Episode_216
The Ice Man,unsolved,7,Episode_216
Frank Olson,unsolved,7,Episode_216
Randolph Dial,captured,7,Episode_217_.22Great_Escapes.22
Bobbi Parker,solved,7,Episode_217_.22Great_Escapes.22
Robert Watson,captured,7,Episode_217_.22Great_Escapes.22
David Fisher,captured,7,Episode_217_.22Great_Escapes.22
Jean Marie Gagnon,captured,7,Episode_217_.22Great_Escapes.22
Michael and Sharon Mohon,captured,7,Episode_217_.22Great_Escapes.22
Edgar Kerns,captured,7,Episode_217_.22Great_Escapes.22
Jon Yount,captured,7,Episode_217_.22Great_Escapes.22
Travis Wade Duncan,captured,7,Episode_217_.22Great_Escapes.22
Frank Morris and the Anglin Brothers,wanted,7,Episode_217_.22Great_Escapes.22
Luiz Gasparetto,unsolved,7,Episode_218
Tara Breckenridge,unsolved,7,Episode_218
The Friends of Fritz Vincken,solved,7,Episode_218
Wade Mitchell Parker,captured,7,Episode_218
Carlos Garcia,captured,7,Episode_218
James and Lisa Albert,captured,7,Episode_219_.22Femme_Fatales.22
Elizabeth Ortiz,captured,7,Episode_219_.22Femme_Fatales.22
Andolina Gonzalez,captured,7,Episode_219_.22Femme_Fatales.22
Kelly Finnegan,captured,7,Episode_219_.22Femme_Fatales.22
Arnold Archambeau and Ruby Bruguier,unresolved,7,Episode_220
1987 Jane Doe,solved,7,Episode_220
Mexico City UFO,unsolvedlinks,7,Episode_220
Jake and Dora Cohn,solved,7,Episode_221
Rosemary Hom,solved,7,Episode_221
Cecilia Newball and Rene Perez Jr.,unsolved,7,Episode_221
The Search of Bob Coleman,solved,7,Episode_221
Richard Ford,captured,7,Episode_221
Matthew Crome,captured,7,Episode_221
Kathleen Burghardt,unsolvedlinks,7,Episode_222
Eric Danowski,unsolved,7,Episode_222
Lionel Luviano,unresolved,7,Episode_222
Martin Ganz,solved,7,Episode_222
Martin Hernandez,unsolvedlinks,7,Episode_222
Stallings Family,solved,7,Episode_222
Keyan and Logan Ivey,solved,7,Episode_222
David Ivey,captured,7,Episode_222
Davey Estright,solved,7,Episode_222
David Estright,captured,7,Episode_222
Pearl Curran,unsolvedlinks,7,Episode_223
John Vogel,captured,7,Episode_223
Justin Burgwinkel,unsolved,7,Episode_223
Paul Xavier Alexander,captured,7,Episode_223
Dorothy Donovan,solved,7,Episode_223
Rose Turford and Carolyn Stevens,captured,7,Episode_225
Gigi,solved,7,Episode_226
Jean Moore,unsolved,7,Episode_227
Ray Olson,captured,7,Episode_227
Luiz Gasparetto,unsolved,7,Episode_227
Brandon Lee,unresolved,8,Episode_228
Ray Olson,captured,8,Episode_228
Gigi,solved,8,Episode_228
Emilie Hardy,solved,8,Episode_228
Rejean Hardy,captured,8,Episode_228
Red Dye Robber,wantedlinks,8,Episode_228
Dorothy Barnett,captured,8,Episode_228
Savanna Todd,solved,8,Episode_228
Antonio Castro,wantedlinks,8,Episode_228
Joe O'Brien,unsolvedlinks,8,Episode_228
Brazos River Attackers,wanted,8,Episode_229
Ronald Cains,captured,8,Episode_229
Loretta Myers,solved,8,Episode_229
Matt Flores,unsolved,8,Episode_229
Valley Hill Lights,unsolvedlinks,8,Episode_229
Richard Relf,captured,8,Episode_229
Heather Relf,solved,8,Episode_229
Michael Swango,captured,8,Episode_230
Brazos River Attackers,wanted,8,Episode_230
Manny Moreno,captured,8,Episode_230
Renee LaManna,unsolved,8,Episode_230
The Daughter of Gerda Burian,solved,8,Episode_230
Michael Eschweiler,captured,8,Episode_230
Logan Carroll,unsolved,8,Episode_230
Amadeo Marcelo,solved,8,Episode_230
Guy Cummings,captured,8,Episode_231
Amadeo Marcelo,solved,8,Episode_231
Keyan and Logan Ivey,solved,8,Episode_231
David Ivey,captured,8,Episode_231
Leonard Trigg,solved,8,Episode_231
Allie Ingrid Trigg,captu,8,Episode_231
Seth Arathorne,solved,8,Episode_231
Garth Arathorne,captured,8,Episode_231
Charles Southern Jr.,unsolved,8,Episode_231
Alie Berrelez,solved,8,Episode_231
Antranik Geuvjehizian,solved,8,Episode_231
Taylor Kramer,solved,8,Episode_232
Craig Williamson,solved,8,Episode_232
Evonne,unsolvedlinks,8,Episode_232
Marie Laveau,unsolved,8,Episode_232
Harold Bennett,unsolvedlinks,8,Episode_232
Tim Molnar,unresolved,8,Episode_232
Lonnie Zamora UFO Sighting,unsolved,8,Episode_233
Saviors of the Dover Family,solved,8,Episode_233
Seth Arathorne,solved,8,Episode_233
Garth Arathorne,captured,8,Episode_233
Jessyca Mullenberg,solved,8,Episode_233
Steven Oliver,captured,8,Episode_233
Ronald Bax,wanted,8,Episode_233
Carl and Mary Dennie,captured,8,Episode_233
The Siblings of Debbie Hamilton,solved,8,Episode_233
David Merrifield,unresolved,8,Episode_233
Roberto and Eladia Ramirez,wanted,8,Episode_234
Linda Sobek,solved,8,Episode_234
Kimberly Pandelios,solved,8,Episode_234
The Siblings of Tina Shiets,solved,8,Episode_234
Miracle the White Buffalo,unresolved,8,Episode_234
David Gause,captured,8,Episode_234
George Reeves,unresolved,8,Episode_234
Caddy,unsolvedlinks,8,Episode_235
Sherry Hart,unresolved,8,Episode_235
Richard Bare,wanted,8,Episode_235
Rose Turford and Carolyn Stevens,captured,8,Episode_235
The Siblings of Tina Shiets,solved,8,Episode_235
Rickey Bright,captured,8,Episode_235
Michael McGuffey,captured,8,Episode_235
Michael Hughes,unresolved,8,Episode_235
Suzanne Davis,unresolved,8,Episode_235
Epes Bandits,wanted,8,Episode_235
The Family of Jeanne Martin,unsolved,8,Episode_235
Tom Kueter,solved,8,Episode_236
Tina Marcotte,solved,8,Episode_236
Ira Einhorn,captured,8,Episode_236
Jim Kimball,unsolvedlinks,8,Episode_236
Brian Foguth,unsolved,8,Episode_236
Nassau County Robber,wantedlinks,8,Episode_236
Boynton Beach Robber,wantedlinks,8,Episode_236
Covewood Lodge,unsolvedlinks,8,Episode_236
Richard Ford,captured,8,Episode_236
Matthew Crome,captured,8,Episode_236
Leroy Drieth,unsolved,8,Episode_237
Johnny Lee Wilson,solved,8,Episode_237
Donna Kempton,solved,8,Episode_237
Bonnie Haim,solved,8,Episode_237
The Devil's Backbone,unsolved,8,Episode_237
Moses Lall and Lila Buerattan,unsolved,8,Episode_238
Hari Gobin,wanted,8,Episode_238
Taylor Kramer,solved,8,Episode_238
Craig Williamson,solved,8,Episode_238
Evonne,unsolvedlinks,8,Episode_238
Marie Laveau,unsolved,8,Episode_238
Harold Bennett,unsolvedlinks,8,Episode_238
Tim Molnar,unresolved,8,Episode_238
Thomas David Dixon,captured,8,Episode_239
Nancy Manni,solved,8,Episode_239
The Daughter of Gerda Burian,solved,8,Episode_239
Patricia Bonner,solved,8,Episode_239
Mia Zapata,solved,8,Episode_239
Sandra Nevarez,unresolved,8,Episode_239
Jean Hilliard,unsolvedlinks,8,Episode_240
Su Taraskiewicz,unsolved,8,Episode_240
Kevin Dominic,captured,8,Episode_240
Albert Leon Fletcher,captured,8,Episode_240
Jesse Presley,unsolvedlinks,8,Episode_240
Shannon Sites,unsolvedlinks,8,Episode_240
Richard Ford,captured,8,Episode_240
Matthew Crome,captured,8,Episode_240
The Siblings of Jeff Linn,unresolved,8,Episode_240
Patrick Ackles,unsolved,8,Episode_240
Jodi Huisentruit,unsolved,8,Episode_242
Philip Pauli,unsolved,8,Episode_242
Lonnie Zamora UFO Sighting,unsolved,8,Episode_242
Carl and Mary Dennie,captured,8,Episode_242
David Merrifield,unresolved,8,Episode_242
Richard Cepulonis,captured,8,Episode_244
Karen Walters,solved,8,Episode_244
Savior of Wendy Radcliffe,solved,8,Episode_244
John Anthony Diaz,captured,8,Episode_244
Gettysburg National Military Park,unsolved,8,Episode_244
Devin Williams,unresolved,8,Episode_244
Michael Johnston and Rochelle Robinson,unsolved,8,Episode_244
Michael Eschweiler,captured,8,Episode_244
Saviors of Duane Miller,unsolved,8,Episode_245
Patricia Bonner,solved,8,Episode_245
Sam Wodke,captured,8,Episode_245
Vince Foster,unsolvedlinks,8,Episode_245
Jean Ellroy,unsolvedlinks,8,Episode_245
David Cox,unsolved,8,Episode_246
Thomas David Dixon,captured,8,Episode_246
Antonio Moses,captured,8,Episode_246
Inner City Church Fire,unsolved,8,Episode_246
Mary Clamser,unsolved,8,Episode_246
The Family of LaDonna Alfano,solved,8,Episode_246
Joan Jefferies,unsolved,8,Episode_247
The Family of LaDonna Alfano,solved,8,Episode_247
Tanya Smith,solved,8,Episode_247
Tony Marabella,solved,8,Episode_247
Luis Ochoa,captured,8,Episode_247
The Wickenburg Massacre,unsolvedlinks,8,Episode_247
Gloria Schulze,wanted,8,Episode_248
Nazca Lines,unresolved,8,Episode_248
Antonio Moses,captured,8,Episode_248
The Unabomber,captured,8,Episode_248
John Addis,captured,8,Episode_248
Joann Albanese,solved,8,Episode_248
Charlotte Pollis,unsolved,8,Episode_248
Three Partners Ranch,unsolvedlinks,8,Episode_248
Doris Duke,solved,8,Episode_249
Rodger Lindsley,solved,8,Episode_249
John Anthony Diaz,captured,8,Episode_249
Ngoc and Yanching,unsolvedlinks,8,Episode_249
Chupacabras,unresolved,8,Episode_249
Matt and Wendy Jameson,unsolved,8,Episode_249
The Curse of King Tut,unresolved,8,Episode_251
Sam Wodke,captured,8,Episode_251
Harvey McCloud,unsolved,8,Episode_251
Sarah Powell,unsolved,8,Episode_251
Amtrak Derailment,unsolved,8,Episode_251
Joe Cole,unsolved,8,Episode_252
The Family of LaDonna Alfano,solved,8,Episode_252
The Mother of Tim Harrell,solved,8,Episode_252
David Freeman,captured,8,Episode_252
Tim Good,solved,8,Episode_252
Milly McGregor,solved,8,Episode_252
Candice and Sharina Berry,solved,8,Episode_252
Thomas David Dixon,captured,8,Episode_252
Jorge Mendez and Jose Rios,unresolved,8,Episode_253
Jorge Mendez and Jose Rios,unresolved,8,Episode_253
David Cox,unsolved,8,Episode_253
Thomas David Dixon,captured,8,Episode_253
Inner City Church Fire,unsolved,8,Episode_253
Kelly Lee McGinnis,captured,8,Episode_254
Kristie Gunderson Lee,unsolved,8,Episode_254
Karen,solved,8,Episode_254
The Curse of King Tut,unresolved,8,Episode_254
Zodiac Killer,wanted,9,Episode_255
The Unabomber,captured,9,Episode_255
Carl and Mary Dennie,captured,9,Episode_255
April Gregory,solved,9,Episode_255
Kristin Smart,unresolved,9,Episode_255
Trisha Zemba,unsolvedlinks,9,Episode_255
William Jordan,wantedlinks,9,Episode_255
Andre Wilson,captured,9,Episode_255
Margaux Hemingway,unresolved,9,Episode_256
Jonathan Kern,unresolved,9,Episode_256
Albert Leon Fletcher,captured,9,Episode_256
Jose Blandon,captured,9,Episode_256
Grant Hendrickson and Michele Cartagena,solved,9,Episode_256
Bruce and Rosa,unsolved,9,Episode_256
Bruce and Rosa,unsolved,9,Episode_256
"Raymond ""Petey"" Routte",solved,9,Episode_256
Karen,solved,9,Episode_256
Bobby Fuller,unresolved,9,Episode_257
David Freeman,captured,9,Episode_257
Tim Good,solved,9,Episode_257
David Coleman,captured,9,Episode_257
Red Mercury,unresolved,9,Episode_257
Cawood Burglary,solved,9,Episode_257
Kelly Lee McGinnis,captured,9,Episode_257
Fertility Statues,unsolvedlinks,9,Episode_257
Martha Brailsford,solved,9,Episode_258
Gail Knowlton,unsolved,9,Episode_258
Agustin Mendoza,captured,9,Episode_258
Elena Souza,wantedlinks,9,Episode_258
The Mother of Tim Harrell,solved,9,Episode_258
Sam Zelikson,unsolved,9,Episode_258
Meriah and Sabria Widboom,solved,9,Episode_258
Life on Mars,unsolved,9,Episode_259
Tony DeCompo,captured,9,Episode_259
Kansas City Arsonist,captured,9,Episode_259
David Chase,unresolved,9,Episode_259
Candice and Sharina Berry,solved,9,Episode_259
The Siblings of Jeff Linn,unresolved,9,Episode_259
David Coleman,captured,9,Episode_259
Owen Walker,unresolved,9,Episode_259
Heirs of Temperee Hawkins,solved,9,Episode_259
Jarod Allgood,solved,9,Episode_260
Heidee Ruiz,unresolved,9,Episode_260
Karen Pelletiere,captured,9,Episode_260
William Pelletiere,solved,9,Episode_260
Lance Guevarra,solved,9,Episode_260
Jesus De La Cruz,unsolvedlinks,9,Episode_260
Susan Harrison,unresolved,9,Episode_260
The Sister of Lois Cappoziello,unsolved,9,Episode_260
Howard Storm,unsolved,9,Episode_261
Alicia Showalter Reynolds,unsolved,9,Episode_261
Richard Cepulonis,captured,9,Episode_261
Karen Walters,solved,9,Episode_261
Jimmy Ray LeGate,captured,9,Episode_261
Karen Lofland,solved,9,Episode_261
Michael Wilburn,captured,9,Episode_261
Savior of Steve Newton,solved,9,Episode_261
Stephanie Booker,unsolved,9,Episode_261
O. J. Simpson,unresolved,9,Episode_262
Whitey Bulger,captured,9,Episode_262
Catherine Greig,captured,9,Episode_262
Robert Trenholm,captured,9,Episode_262
Samuel Glover and Marshall Kirkpatrick,captured,9,Episode_262
Le-Zhan Williams,solved,9,Episode_262
Daphne Boyden,solved,9,Episode_262
Michael Short,captured,9,Episode_263
Melody Woods,solved,9,Episode_263
Karen,solved,9,Episode_263
Regina Davis,unresolved,9,Episode_263
Lynn Amos,unsolvedlinks,9,Episode_263
The Parents of Gale Samuels,unsolved,9,Episode_263
Cokeville Elementary School Explosion,unsolvedlinks,9,Episode_263
Boo,unsolvedlinks,9,Episode_264
Oscar,unsolvedlinks,9,Episode_264
Ringo,unsolved,9,Episode_264
Connie Jean Helton,captured,9,Episode_264
Zenith Helton,solved,9,Episode_264
Zip Gun Bomber,wanted,9,Episode_264
Sandra Orellana,unresolved,9,Episode_264
Kelli Ann Ayres,solved,9,Episode_264
Elena Souza,wantedlinks,9,Episode_264
Andy Cook,captured,9,Episode_264
Jimmie Wayne Pierce,captured,9,Episode_264
Kelly Ames,unsolvedlinks,9,Episode_265
Sagebrush Rebellion,wantedlinks,9,Episode_265
Christopher Kurowski,solved,9,Episode_265
Alex Kelly,solved,9,Episode_265
Jamie Santos,unsolved,9,Episode_265
Gary Wilson,captured,9,Episode_265
Marek Kosciukiewicz,unresolved,9,Episode_265
Tommy Zeigler,unresolved,9,Episode_267
Kurt Cobain,unsolved,9,Episode_267
Amal and Wafa Abdallah,unsolvedlinks,9,Episode_267
Ennis Cosby,solved,9,Episode_268
TWA Flight 800,unresolved,9,Episode_268
US Marine Corps Helicopter Crash,unsolvedlinks,9,Episode_268
Sandra Orellana,unresolved,9,Episode_268
Robert Dirscherl,unsolved,9,Episode_268
Andy Cook,captured,9,Episode_268
David Alex Alvarez,captured,9,Episode_268
Olesen Family,unsolvedlinks,9,Episode_269
Patrick Kelly,unsolved,9,Episode_269
Highway 50 Phantom,unsolvedlinks,9,Episode_269
Christene and Nick Skubish,solved,9,Episode_269
Ceara O'Connell,solved,9,Episode_269
Naoma and Richard Wendorf,solved,9,Episode_269
Edwin Rodriguez,wanted,9,Episode_269
Carmen Charneco,unsolved,9,Episode_269
Billy Ray Sisson,captured,9,Episode_269
Kelli Ann Ayres,solved,9,Episode_269
Maria Hernandez,wantedlinks,9,Episode_271
Melvin Wilson,wanted,9,Episode_271
"Raymond ""Petey"" Routte",solved,9,Episode_271
Andre Wilson,captured,9,Episode_271
Mark Gagliardo,captured,9,Episode_271
Maria Socorro De Rodriguez LaPine,wanted,9,Episode_272
Mark Gagliardo,captured,9,Episode_272
TWA Flight 800,unresolved,9,Episode_272
Samuel Glover and Marshall Kirkpatrick,captured,9,Episode_272
Candy and Roxy,unsolvedlinks,9,Episode_272
Smith Home,unsolvedlinks,9,Episode_272
Jeanette Federico,solved,9,Episode_273
Susan Harrison,unresolved,9,Episode_273
Karen Pelletiere,captured,9,Episode_273
William Pelletiere,solved,9,Episode_273
Blair Adams,unsolved,9,Episode_274
The Son of Bobbi Page Myler,solved,9,Episode_274
Men In Black,unsolvedlinks,9,Episode_274
Dennis Smith,captured,9,Episode_274
Candice and Sharina Berry,solved,9,Episode_274
The Siblings of Jeff Linn,unresolved,9,Episode_274
Don Davis Jr.,captured,9,Episode_275
Trent Fouts,captured,9,Episode_275
Kristie Gunderson Lee,unsolved,9,Episode_275
Lynne Plaskett,unsolvedlinks,9,Episode_275
Susan King,solved,9,Episode_275
Savior of Samantha Roberts,unsolvedlinks,9,Episode_276
Aimee Willard,solved,9,Episode_276
David Thompson,captured,9,Episode_276
Chase Bowman,unsolved,9,Episode_276
Cynthia Armistead,unresolved,9,Episode_276
Jayne Hitchcock,solved,9,Episode_276
Karen,solved,9,Episode_276
Amazon Women,unsolvedlinks,9,Episode_277
Oakville Blobs,unsolvedlinks,9,Episode_277
David Shublak,unsolvedlinks,9,Episode_277
Dimitric Moore,unresolved,9,Episode_277
Salvatore Spinnato,captured,9,Episode_278
Dana Satterfield,solved,9,Episode_278
The Friend of Moises Treves,solved,9,Episode_278
Atlanta/Spokane Bomber,solved,9,Episode_278
David Gause,captured,9,Episode_278
Jimmie Wayne Pierce,captured,9,Episode_279
Stephanie Booker,unsolved,9,Episode_279
Therese Rose Walsh,unsolved,9,Episode_280
Merle Marie Vanderheiden,wanted,9,Episode_280
Maria Hernandez,wantedlinks,9,Episode_280
Melvin Wilson,wanted,9,Episode_280
Elvis Presley,unsolvedlinks,10,Episode_281
Joe McCarthy,unsolvedlinks,10,Episode_281
Herman Stegos,unsolvedlinks,10,Episode_281
Michael Landon,unsolvedlinks,10,Episode_281
Monika Rizzo,unresolved,10,Episode_281
Candy Belt and Gloria Ross,unresolved,10,Episode_281
Joffre Ramos,solved,10,Episode_282
Luie Quezada,captured,10,Episode_282
Michelle Abraham,captured,10,Episode_282
Chrystal Didonato and Jessica Abraham,solved,10,Episode_282
Mary Agnes Gross,unsolved,10,Episode_282
Kathy Page,unresolved,10,Episode_282
Michael Wayne Brown,captured,10,Episode_283
Donna Moses Brown,solved,10,Episode_283
Ngoc Van Tran,captured,10,Episode_283
Marvin Gabrion,captured,10,Episode_283
Shannon Verhage,unresolved,10,Episode_283
Wayne Davis,unresolved,10,Episode_283
John Weeks,unsolved,10,Episode_283
Robert Allen,unsolved,10,Episode_283
Rachel Timmerman,unresolved,10,Episode_283
Pat Brown,solved,10,Episode_283
Nanteos Cup,unsolved,10,Episode_283
Wendy Von Huben,solved,10,Episode_284
Jesse Howell,solved,10,Episode_284
Woods Home,unsolvedlinks,10,Episode_284
Jose Blandon,captured,10,Episode_284
Marshall Lee Brown,captured,10,Episode_284
Chair of Death,unsolvedlinks,10,Episode_285
Savior of Wilma Drew,solved,10,Episode_285
Katherine Korzilius,unsolved,10,Episode_285
Paul Ragusa,captured,10,Episode_285
Francis C. Buhay,captured,10,Episode_285
Trent Fouts,captured,10,Episode_285
Phoenix Lights,unsolvedlinks,10,Episode_286
The Children of Doreen Espinosa,solved,10,Episode_286
Sharon Kinne,wantedlinks,10,Episode_286
Gary and Ted Noble,captured,10,Episode_286
Richard Aderson,unsolved,10,Episode_286
Brook Baker,solved,11,Episode_287
Bugsy Siegel,unsolved,11,Episode_287
Sabrina Aisenberg,unsolved,11,Episode_287
Henry Weingarten,unsolved,11,Episode_287
Jason McVean and Alan Pilon,solved,11,Episode_288
The Skunk Ape,unsolved,11,Episode_288
Delta Queen Riverboat,unsolvedlinks,11,Episode_288
Michelle Witherell,solved,11,Episode_288
Jayson Artis,unsolved,11,Episode_289
Amy Wroe Bechtel,unsolved,11,Episode_289
Chansami and Abby Thammavong,unsolvedlinks,11,Episode_289
Loews Cottage,unresolved,11,Episode_289
Alan Golder,captured,11,Episode_290
Ted Binion,solved,11,Episode_290
Amy Bradley,unsolved,11,Episode_290
Saviors of Doris Smith,unsolvedlinks,11,Episode_290
Thomas Wright,unsolvedlinks,11,Episode_290
Carol Parrish and Juelle,unsolvedlinks,11,Episode_291
Jessica Keen,solved,11,Episode_291
Benjamin Baker,solved,11,Episode_291
Norman,unsolvedlinks,11,Episode_291
Lulu,unsolved,11,Episode_291
Rick Vallee,captured,11,Episode_291
Cam Lyman,unsolved,11,Episode_292
Ok-Cha Wortman,unsolvedlinks,11,Episode_292
Jim Wood,unsolved,11,Episode_292
Linda Sherman,unsolved,12,Episode_293
Lauria Bible and Ashley Freeman,unresolved,12,Episode_294
Danny and Kathy Freeman,unresolved,12,Episode_294
Bryan Nisenfeld,unsolvedlinks,12,Episode_295
Traci Kenley and Bill Rundle,solved,12,Episode_296
The Family of Dolores Camarena,solved,12,Episode_297
Amy Wroe Bechtel,unsolved,12,Episode_297
James Sullivan,captured,12,Episode_298
Amy Bradley,unsolved,12,Episode_298
Eagle,solved,12,Episode_299
Trisha Autry,solved,12,Episode_300
Dee Klepper,unsolvedlinks,12,Episode_301
Gus Ortega,unsolvedlinks,12,Episode_301
Craig Pritchert and Nova Guthrie,captured,12,Episode_302
Landon and Logan Walker,solved,12,Episode_303
Craig Walker,captured,12,Episode_303
Alan Golder,captured,12,Episode_303
Jerry Lee Bowen,captured,12,Episode_304
Kristen Modafferi,unsolved,12,Episode_305
Lizzie Borden House,unsolvedlinks,12,Episode_306
Jones House,unsolvedlinks,12,Episode_308
John Addis,captured,12,Episode_310
Joann Albanese,solved,12,Episode_310
Myrtles Plantation,unsolvedlinks,12,Episode_311
Judith Smith,unsolved,12,Episode_311
Jesse James Hollywood,captured,12,Episode_312
Jessica Keen,solved,12,Episode_312
Desiree Lingo-Perkins,captured,12,Episode_313
Carl McWilliams,captured,12,Episode_313
Jayson Artis,unsolved,12,Episode_313
Wil Hendrick,unresolved,12,Episode_314
Richard Aderson,unsolved,12,Episode_314
Robert James,solved,12,Episode_314
Nazca Lines,unresolved,12,Episode_314
Logan Carroll,unsolved,12,Episode_314
Debra and Diana Cordova,solved,12,Episode_315
Gordon Weaver,captured,12,Episode_316
Whitey Bulger,captured,12,Episode_316
Leah Roberts,unsolved,12,Episode_317
Arthur Lopez Jr.,captured,12,Episode_318
Natasha Jennings,unsolved,12,Episode_319
Clayton Waagner,captured,12,Episode_320
Jodie Bordeaux,unsolved,12,Episode_321
Diane Washer,solved,12,Episode_322
Nancy Daddysman,solved,12,Episode_322
Malaika Griffin,captured,12,Episode_323
Karen and Kathy Mills,unsolvedlinks,12,Episode_324
Sharon Kinne,wantedlinks,12,Episode_324
Carolyn Hebert,unsolvedlinks,12,Episode_324
Elaine Emmi,unsolvedlinks,12,Episode_324
Linda Babb,unsolvedlinks,12,Episode_324
Joe Cole,unsolved,12,Episode_324
Darlie Routier,unresolved,12,Episode_325
Devon and Damon Routier,unresolved,12,Episode_325
David Shipenburg,solved,12,Episode_326
Jason McVean and Alan Pilon,solved,12,Episode_326
Morgan Nick,unsolved,12,Episode_327
Jacqueline Vasquez,unsolved,12,Episode_327
Warren Fulton and Rachael Raver,solved,12,Episode_328
Tina Jefferson,solved,12,Episode_328
Susan King,solved,12,Episode_328
Candy and Roxy,unsolvedlinks,12,Episode_328
Martha Moxley,unresolved,12,Episode_328
Claudia Kirschhoch,unsolved,12,Episode_329
Fertility Statues,unsolvedlinks,12,Episode_329
Raymond Young,captured,12,Episode_329
Patricia Stallings,solved,12,Episode_329
Margie Jelovcic,solved,12,Episode_330
Randy Yager,captured,12,Episode_330
Carlos Berdeja,wantedlinks,12,Episode_331
Michael Wayne Brown,captured,12,Episode_331
Donna Moses Brown,solved,12,Episode_331
Lonnie Zamora UFO Sighting,unsolved,12,Episode_331
William Jordan,wantedlinks,12,Episode_331
Michael Owen,unsolved,12,Episode_332
Wendy Throop,unsolvedlinks,12,Episode_332
Gordon Page Jr.,unsolved,12,Episode_332
Ok-Cha Wortman,unsolvedlinks,12,Episode_332
